checked_at,product,strength,status,price,url
2026-07-10T17:35:01+00:00,patch-2x,0.025 mg/day,unavailable,,https://www.costplusdrugs.com/medications/estradioltwiceweekly-0_025mg-patch8pack/
2026-07-10T17:35:01+00:00,patch-2x,0.0375 mg/day,unavailable,,https://www.costplusdrugs.com/medications/estradioltwiceweekly-0_0375mg-patch8pack/
2026-07-10T17:35:01+00:00,patch-2x,0.05 mg/day,unavailable,,https://www.costplusdrugs.com/medications/estradioltwiceweekly-0_05mg-patch8pack/
2026-07-10T17:35:01+00:00,patch-2x,0.075 mg/day,unavailable,,https://www.costplusdrugs.com/medications/estradioltwiceweekly-0_075mg-patch8pack/
2026-07-10T17:35:01+00:00,patch-2x,0.1 mg/day (Dotti),unavailable,,https://www.costplusdrugs.com/medications/dotti-(estradiol-twice-weekly)-0_1-mg_24hr-box-of-8-patches-8/
2026-07-10T17:35:01+00:00,patch-1x,0.025 mg/day,unavailable,,https://www.costplusdrugs.com/medications/climara-0_025mg-24hr-patch-weekly-4/
2026-07-10T17:35:01+00:00,patch-1x,0.0375 mg/day,unavailable,,https://www.costplusdrugs.com/medications/climara-0_0375mg-24hr-patch-weekly-4/
2026-07-10T17:35:01+00:00,patch-1x,0.05 mg/day,unavailable,,https://www.costplusdrugs.com/medications/climara-0_05mg-24hr-patch-weekly-4/
2026-07-10T17:35:01+00:00,patch-1x,0.06 mg/day,unavailable,,https://www.costplusdrugs.com/medications/climara-0_06mg-24hr-patch-weekly-4/
2026-07-10T17:35:01+00:00,patch-1x,0.075 mg/day,unavailable,,https://www.costplusdrugs.com/medications/climara-0_075mg-24hr-patch-weekly-4/
2026-07-10T17:35:01+00:00,patch-1x,0.1 mg/day,unavailable,,https://www.costplusdrugs.com/medications/climara-0_1mg-24hr-patch-weekly-4/
2026-07-10T17:35:01+00:00,gel,0.25 mg / 0.25 g,unavailable,,https://www.costplusdrugs.com/medications/estradiol-0_25mg-0_25g-gel-packet-divigel/
2026-07-10T17:35:01+00:00,gel,0.5 mg / 0.5 g,unavailable,,https://www.costplusdrugs.com/medications/estradiol-0_5mg-0_5g-gel-packet-divigel/
2026-07-10T17:35:01+00:00,gel,0.75 mg / 0.75 g,unavailable,,https://www.costplusdrugs.com/medications/estradiol-0_75mg-0_75g-gel-packet-divigel/
2026-07-10T17:35:01+00:00,gel,1 mg / 1 g,unavailable,,https://www.costplusdrugs.com/medications/estradiol-1mg-g-gel-packet-divigel/
2026-07-10T17:35:01+00:00,gel,1.25 mg / 1.25 g,unavailable,,https://www.costplusdrugs.com/medications/estradiol-1_25-mg_1_25gm-gel-37_5/
2026-07-10T17:35:01+00:00,omp,100 mg,unavailable,,https://www.costplusdrugs.com/medications/progesterone-100mg-capsule/
2026-07-10T17:35:01+00:00,omp,200 mg,unavailable,,https://www.costplusdrugs.com/medications/progesterone-200mg-capsule/
2026-07-10T17:59:04+00:00,patch-2x,0.025 mg/day,unavailable,$39.18,https://www.costplusdrugs.com/medications/estradioltwiceweekly-0_025mg-patch8pack/
2026-07-10T17:59:04+00:00,patch-2x,0.0375 mg/day,unavailable,,https://www.costplusdrugs.com/medications/estradioltwiceweekly-0_0375mg-patch8pack/
2026-07-10T17:59:04+00:00,patch-2x,0.05 mg/day,unavailable,,https://www.costplusdrugs.com/medications/estradioltwiceweekly-0_05mg-patch8pack/
2026-07-10T17:59:04+00:00,patch-2x,0.075 mg/day,unavailable,,https://www.costplusdrugs.com/medications/estradioltwiceweekly-0_075mg-patch8pack/
2026-07-10T17:59:04+00:00,patch-2x,0.1 mg/day (Dotti),unavailable,,https://www.costplusdrugs.com/medications/dotti-(estradiol-twice-weekly)-0_1-mg_24hr-box-of-8-patches-8/
2026-07-10T17:59:04+00:00,patch-1x,0.025 mg/day,unavailable,,https://www.costplusdrugs.com/medications/climara-0_025mg-24hr-patch-weekly-4/
2026-07-10T17:59:04+00:00,patch-1x,0.0375 mg/day,unavailable,,https://www.costplusdrugs.com/medications/climara-0_0375mg-24hr-patch-weekly-4/
2026-07-10T17:59:04+00:00,patch-1x,0.05 mg/day,unavailable,,https://www.costplusdrugs.com/medications/climara-0_05mg-24hr-patch-weekly-4/
2026-07-10T17:59:04+00:00,patch-1x,0.06 mg/day,unavailable,,https://www.costplusdrugs.com/medications/climara-0_06mg-24hr-patch-weekly-4/
2026-07-10T17:59:04+00:00,patch-1x,0.075 mg/day,unavailable,,https://www.costplusdrugs.com/medications/climara-0_075mg-24hr-patch-weekly-4/
2026-07-10T17:59:04+00:00,patch-1x,0.1 mg/day,unavailable,,https://www.costplusdrugs.com/medications/climara-0_1mg-24hr-patch-weekly-4/
2026-07-10T17:59:04+00:00,gel,0.25 mg / 0.25 g,unavailable,,https://www.costplusdrugs.com/medications/estradiol-0_25mg-0_25g-gel-packet-divigel/
2026-07-10T17:59:04+00:00,gel,0.5 mg / 0.5 g,unavailable,,https://www.costplusdrugs.com/medications/estradiol-0_5mg-0_5g-gel-packet-divigel/
2026-07-10T17:59:04+00:00,gel,0.75 mg / 0.75 g,unavailable,,https://www.costplusdrugs.com/medications/estradiol-0_75mg-0_75g-gel-packet-divigel/
2026-07-10T17:59:04+00:00,gel,1 mg / 1 g,unavailable,,https://www.costplusdrugs.com/medications/estradiol-1mg-g-gel-packet-divigel/
2026-07-10T17:59:04+00:00,gel,1.25 mg / 1.25 g,unavailable,,https://www.costplusdrugs.com/medications/estradiol-1_25-mg_1_25gm-gel-37_5/
2026-07-10T17:59:04+00:00,omp,100 mg,unavailable,,https://www.costplusdrugs.com/medications/progesterone-100mg-capsule/
2026-07-10T17:59:04+00:00,omp,200 mg,unavailable,,https://www.costplusdrugs.com/medications/progesterone-200mg-capsule/
2026-07-10T18:15:52+00:00,patch-2x,0.025 mg/day,unavailable,$39.18,https://www.costplusdrugs.com/medications/estradioltwiceweekly-0_025mg-patch8pack/
2026-07-10T18:15:52+00:00,patch-2x,0.0375 mg/day,unavailable,,https://www.costplusdrugs.com/medications/estradioltwiceweekly-0_0375mg-patch8pack/
2026-07-10T18:15:52+00:00,patch-2x,0.05 mg/day,unavailable,,https://www.costplusdrugs.com/medications/estradioltwiceweekly-0_05mg-patch8pack/
2026-07-10T18:15:52+00:00,patch-2x,0.075 mg/day,unavailable,,https://www.costplusdrugs.com/medications/estradioltwiceweekly-0_075mg-patch8pack/
2026-07-10T18:15:52+00:00,patch-2x,0.1 mg/day (Dotti),unavailable,,https://www.costplusdrugs.com/medications/dotti-(estradiol-twice-weekly)-0_1-mg_24hr-box-of-8-patches-8/
2026-07-10T18:15:52+00:00,patch-1x,0.025 mg/day,unavailable,,https://www.costplusdrugs.com/medications/climara-0_025mg-24hr-patch-weekly-4/
2026-07-10T18:15:52+00:00,patch-1x,0.0375 mg/day,unavailable,,https://www.costplusdrugs.com/medications/climara-0_0375mg-24hr-patch-weekly-4/
2026-07-10T18:15:52+00:00,patch-1x,0.05 mg/day,unavailable,,https://www.costplusdrugs.com/medications/climara-0_05mg-24hr-patch-weekly-4/
2026-07-10T18:15:52+00:00,patch-1x,0.06 mg/day,unavailable,,https://www.costplusdrugs.com/medications/climara-0_06mg-24hr-patch-weekly-4/
2026-07-10T18:15:52+00:00,patch-1x,0.075 mg/day,unavailable,,https://www.costplusdrugs.com/medications/climara-0_075mg-24hr-patch-weekly-4/
2026-07-10T18:15:52+00:00,patch-1x,0.1 mg/day,unavailable,,https://www.costplusdrugs.com/medications/climara-0_1mg-24hr-patch-weekly-4/
2026-07-10T18:15:52+00:00,gel,0.25 mg / 0.25 g,unavailable,,https://www.costplusdrugs.com/medications/estradiol-0_25mg-0_25g-gel-packet-divigel/
2026-07-10T18:15:52+00:00,gel,0.5 mg / 0.5 g,unavailable,,https://www.costplusdrugs.com/medications/estradiol-0_5mg-0_5g-gel-packet-divigel/
2026-07-10T18:15:52+00:00,gel,0.75 mg / 0.75 g,unavailable,,https://www.costplusdrugs.com/medications/estradiol-0_75mg-0_75g-gel-packet-divigel/
2026-07-10T18:15:52+00:00,gel,1 mg / 1 g,unavailable,,https://www.costplusdrugs.com/medications/estradiol-1mg-g-gel-packet-divigel/
2026-07-10T18:15:52+00:00,gel,1.25 mg / 1.25 g,unavailable,,https://www.costplusdrugs.com/medications/estradiol-1_25-mg_1_25gm-gel-37_5/
2026-07-10T18:15:52+00:00,omp,100 mg,unavailable,,https://www.costplusdrugs.com/medications/progesterone-100mg-capsule/
2026-07-10T18:15:52+00:00,omp,200 mg,unavailable,,https://www.costplusdrugs.com/medications/progesterone-200mg-capsule/
2026-07-11T04:13:57+00:00,patch-2x,0.025 mg/day,unavailable,$39.18,https://www.costplusdrugs.com/medications/estradioltwiceweekly-0_025mg-patch8pack/
2026-07-11T04:13:57+00:00,patch-2x,0.0375 mg/day,unavailable,,https://www.costplusdrugs.com/medications/estradioltwiceweekly-0_0375mg-patch8pack/
2026-07-11T04:13:57+00:00,patch-2x,0.05 mg/day,unavailable,,https://www.costplusdrugs.com/medications/estradioltwiceweekly-0_05mg-patch8pack/
2026-07-11T04:13:57+00:00,patch-2x,0.075 mg/day,unavailable,,https://www.costplusdrugs.com/medications/estradioltwiceweekly-0_075mg-patch8pack/
2026-07-11T04:13:57+00:00,patch-2x,0.1 mg/day (Dotti),unavailable,,https://www.costplusdrugs.com/medications/dotti-(estradiol-twice-weekly)-0_1-mg_24hr-box-of-8-patches-8/
2026-07-11T04:13:57+00:00,patch-1x,0.025 mg/day,unavailable,,https://www.costplusdrugs.com/medications/climara-0_025mg-24hr-patch-weekly-4/
2026-07-11T04:13:57+00:00,patch-1x,0.0375 mg/day,unavailable,,https://www.costplusdrugs.com/medications/climara-0_0375mg-24hr-patch-weekly-4/
2026-07-11T04:13:57+00:00,patch-1x,0.05 mg/day,unavailable,,https://www.costplusdrugs.com/medications/climara-0_05mg-24hr-patch-weekly-4/
2026-07-11T04:13:57+00:00,patch-1x,0.06 mg/day,unavailable,,https://www.costplusdrugs.com/medications/climara-0_06mg-24hr-patch-weekly-4/
2026-07-11T04:13:57+00:00,patch-1x,0.075 mg/day,unavailable,,https://www.costplusdrugs.com/medications/climara-0_075mg-24hr-patch-weekly-4/
2026-07-11T04:13:57+00:00,patch-1x,0.1 mg/day,unavailable,,https://www.costplusdrugs.com/medications/climara-0_1mg-24hr-patch-weekly-4/
2026-07-11T04:13:57+00:00,gel,0.25 mg / 0.25 g,unavailable,,https://www.costplusdrugs.com/medications/estradiol-0_25mg-0_25g-gel-packet-divigel/
2026-07-11T04:13:57+00:00,gel,0.5 mg / 0.5 g,unavailable,,https://www.costplusdrugs.com/medications/estradiol-0_5mg-0_5g-gel-packet-divigel/
2026-07-11T04:13:57+00:00,gel,0.75 mg / 0.75 g,unavailable,,https://www.costplusdrugs.com/medications/estradiol-0_75mg-0_75g-gel-packet-divigel/
2026-07-11T04:13:57+00:00,gel,1 mg / 1 g,unavailable,,https://www.costplusdrugs.com/medications/estradiol-1mg-g-gel-packet-divigel/
2026-07-11T04:13:57+00:00,gel,1.25 mg / 1.25 g,unavailable,,https://www.costplusdrugs.com/medications/estradiol-1_25-mg_1_25gm-gel-37_5/
2026-07-11T04:13:57+00:00,omp,100 mg,unavailable,,https://www.costplusdrugs.com/medications/progesterone-100mg-capsule/
2026-07-11T04:13:57+00:00,omp,200 mg,unavailable,,https://www.costplusdrugs.com/medications/progesterone-200mg-capsule/
2026-07-11T14:16:38+00:00,patch-2x,0.025 mg/day,unavailable,$39.18,https://www.costplusdrugs.com/medications/estradioltwiceweekly-0_025mg-patch8pack/
2026-07-11T14:16:38+00:00,patch-2x,0.0375 mg/day,unavailable,,https://www.costplusdrugs.com/medications/estradioltwiceweekly-0_0375mg-patch8pack/
2026-07-11T14:16:38+00:00,patch-2x,0.05 mg/day,unavailable,,https://www.costplusdrugs.com/medications/estradioltwiceweekly-0_05mg-patch8pack/
2026-07-11T14:16:38+00:00,patch-2x,0.075 mg/day,unavailable,,https://www.costplusdrugs.com/medications/estradioltwiceweekly-0_075mg-patch8pack/
2026-07-11T14:16:38+00:00,patch-2x,0.1 mg/day (Dotti),unavailable,,https://www.costplusdrugs.com/medications/dotti-(estradiol-twice-weekly)-0_1-mg_24hr-box-of-8-patches-8/
2026-07-11T14:16:38+00:00,patch-1x,0.025 mg/day,unavailable,,https://www.costplusdrugs.com/medications/climara-0_025mg-24hr-patch-weekly-4/
2026-07-11T14:16:38+00:00,patch-1x,0.0375 mg/day,unavailable,,https://www.costplusdrugs.com/medications/climara-0_0375mg-24hr-patch-weekly-4/
2026-07-11T14:16:38+00:00,patch-1x,0.05 mg/day,unavailable,,https://www.costplusdrugs.com/medications/climara-0_05mg-24hr-patch-weekly-4/
2026-07-11T14:16:38+00:00,patch-1x,0.06 mg/day,unavailable,,https://www.costplusdrugs.com/medications/climara-0_06mg-24hr-patch-weekly-4/
2026-07-11T14:16:38+00:00,patch-1x,0.075 mg/day,unavailable,,https://www.costplusdrugs.com/medications/climara-0_075mg-24hr-patch-weekly-4/
2026-07-11T14:16:38+00:00,patch-1x,0.1 mg/day,unavailable,,https://www.costplusdrugs.com/medications/climara-0_1mg-24hr-patch-weekly-4/
2026-07-11T14:16:38+00:00,gel,0.25 mg / 0.25 g,unavailable,,https://www.costplusdrugs.com/medications/estradiol-0_25mg-0_25g-gel-packet-divigel/
2026-07-11T14:16:38+00:00,gel,0.5 mg / 0.5 g,unavailable,,https://www.costplusdrugs.com/medications/estradiol-0_5mg-0_5g-gel-packet-divigel/
2026-07-11T14:16:38+00:00,gel,0.75 mg / 0.75 g,unavailable,,https://www.costplusdrugs.com/medications/estradiol-0_75mg-0_75g-gel-packet-divigel/
2026-07-11T14:16:38+00:00,gel,1 mg / 1 g,unavailable,,https://www.costplusdrugs.com/medications/estradiol-1mg-g-gel-packet-divigel/
2026-07-11T14:16:38+00:00,gel,1.25 mg / 1.25 g,unavailable,,https://www.costplusdrugs.com/medications/estradiol-1_25-mg_1_25gm-gel-37_5/
2026-07-11T14:16:38+00:00,omp,100 mg,unavailable,,https://www.costplusdrugs.com/medications/progesterone-100mg-capsule/
2026-07-11T14:16:38+00:00,omp,200 mg,unavailable,,https://www.costplusdrugs.com/medications/progesterone-200mg-capsule/
2026-07-12T04:26:33+00:00,patch-2x,0.025 mg/day,unavailable,$39.18,https://www.costplusdrugs.com/medications/estradioltwiceweekly-0_025mg-patch8pack/
2026-07-12T04:26:33+00:00,patch-2x,0.0375 mg/day,unavailable,,https://www.costplusdrugs.com/medications/estradioltwiceweekly-0_0375mg-patch8pack/
2026-07-12T04:26:33+00:00,patch-2x,0.05 mg/day,unavailable,,https://www.costplusdrugs.com/medications/estradioltwiceweekly-0_05mg-patch8pack/
2026-07-12T04:26:33+00:00,patch-2x,0.075 mg/day,unavailable,,https://www.costplusdrugs.com/medications/estradioltwiceweekly-0_075mg-patch8pack/
2026-07-12T04:26:33+00:00,patch-2x,0.1 mg/day (Dotti),unavailable,,https://www.costplusdrugs.com/medications/dotti-(estradiol-twice-weekly)-0_1-mg_24hr-box-of-8-patches-8/
2026-07-12T04:26:33+00:00,patch-1x,0.025 mg/day,unavailable,,https://www.costplusdrugs.com/medications/climara-0_025mg-24hr-patch-weekly-4/
2026-07-12T04:26:33+00:00,patch-1x,0.0375 mg/day,unavailable,,https://www.costplusdrugs.com/medications/climara-0_0375mg-24hr-patch-weekly-4/
2026-07-12T04:26:33+00:00,patch-1x,0.05 mg/day,unavailable,,https://www.costplusdrugs.com/medications/climara-0_05mg-24hr-patch-weekly-4/
2026-07-12T04:26:33+00:00,patch-1x,0.06 mg/day,unavailable,,https://www.costplusdrugs.com/medications/climara-0_06mg-24hr-patch-weekly-4/
2026-07-12T04:26:33+00:00,patch-1x,0.075 mg/day,unavailable,,https://www.costplusdrugs.com/medications/climara-0_075mg-24hr-patch-weekly-4/
2026-07-12T04:26:33+00:00,patch-1x,0.1 mg/day,unavailable,,https://www.costplusdrugs.com/medications/climara-0_1mg-24hr-patch-weekly-4/
2026-07-12T04:26:33+00:00,gel,0.25 mg / 0.25 g,unavailable,,https://www.costplusdrugs.com/medications/estradiol-0_25mg-0_25g-gel-packet-divigel/
2026-07-12T04:26:33+00:00,gel,0.5 mg / 0.5 g,unavailable,,https://www.costplusdrugs.com/medications/estradiol-0_5mg-0_5g-gel-packet-divigel/
2026-07-12T04:26:33+00:00,gel,0.75 mg / 0.75 g,unavailable,,https://www.costplusdrugs.com/medications/estradiol-0_75mg-0_75g-gel-packet-divigel/
2026-07-12T04:26:33+00:00,gel,1 mg / 1 g,unavailable,,https://www.costplusdrugs.com/medications/estradiol-1mg-g-gel-packet-divigel/
2026-07-12T04:26:33+00:00,gel,1.25 mg / 1.25 g,unavailable,,https://www.costplusdrugs.com/medications/estradiol-1_25-mg_1_25gm-gel-37_5/
2026-07-12T04:26:33+00:00,omp,100 mg,unavailable,,https://www.costplusdrugs.com/medications/progesterone-100mg-capsule/
2026-07-12T04:26:33+00:00,omp,200 mg,unavailable,,https://www.costplusdrugs.com/medications/progesterone-200mg-capsule/
2026-07-12T14:22:15+00:00,patch-2x,0.025 mg/day,unavailable,$39.18,https://www.costplusdrugs.com/medications/estradioltwiceweekly-0_025mg-patch8pack/
2026-07-12T14:22:15+00:00,patch-2x,0.0375 mg/day,unavailable,$39.18,https://www.costplusdrugs.com/medications/estradioltwiceweekly-0_0375mg-patch8pack/
2026-07-12T14:22:15+00:00,patch-2x,0.05 mg/day,available,$39.18,https://www.costplusdrugs.com/medications/estradioltwiceweekly-0_05mg-patch8pack/
2026-07-12T14:22:15+00:00,patch-2x,0.075 mg/day,available,$39.18,https://www.costplusdrugs.com/medications/estradioltwiceweekly-0_075mg-patch8pack/
2026-07-12T14:22:15+00:00,patch-2x,0.1 mg/day (Dotti),available,$39.18,https://www.costplusdrugs.com/medications/dotti-(estradiol-twice-weekly)-0_1-mg_24hr-box-of-8-patches-8/
2026-07-12T14:22:15+00:00,patch-1x,0.025 mg/day,available,$53.3,https://www.costplusdrugs.com/medications/climara-0_025mg-24hr-patch-weekly-4/
2026-07-12T14:22:15+00:00,patch-1x,0.0375 mg/day,available,$53.3,https://www.costplusdrugs.com/medications/climara-0_0375mg-24hr-patch-weekly-4/
2026-07-12T14:22:15+00:00,patch-1x,0.05 mg/day,available,$53.3,https://www.costplusdrugs.com/medications/climara-0_05mg-24hr-patch-weekly-4/
2026-07-12T14:22:15+00:00,patch-1x,0.06 mg/day,available,$53.3,https://www.costplusdrugs.com/medications/climara-0_06mg-24hr-patch-weekly-4/
2026-07-12T14:22:15+00:00,patch-1x,0.075 mg/day,available,$53.3,https://www.costplusdrugs.com/medications/climara-0_075mg-24hr-patch-weekly-4/
2026-07-12T14:22:15+00:00,patch-1x,0.1 mg/day,available,$53.3,https://www.costplusdrugs.com/medications/climara-0_1mg-24hr-patch-weekly-4/
2026-07-12T14:22:15+00:00,gel,0.25 mg / 0.25 g,available,$23.43,https://www.costplusdrugs.com/medications/estradiol-0_25mg-0_25g-gel-packet-divigel/
2026-07-12T14:22:15+00:00,gel,0.5 mg / 0.5 g,available,$33.75,https://www.costplusdrugs.com/medications/estradiol-0_5mg-0_5g-gel-packet-divigel/
2026-07-12T14:22:15+00:00,gel,0.75 mg / 0.75 g,available,$23.03,https://www.costplusdrugs.com/medications/estradiol-0_75mg-0_75g-gel-packet-divigel/
2026-07-12T14:22:15+00:00,gel,1 mg / 1 g,available,$26.85,https://www.costplusdrugs.com/medications/estradiol-1mg-g-gel-packet-divigel/
2026-07-12T14:22:15+00:00,gel,1.25 mg / 1.25 g,available,$33.27,https://www.costplusdrugs.com/medications/estradiol-1_25-mg_1_25gm-gel-37_5/
2026-07-12T14:22:15+00:00,omp,100 mg,available,$9.45,https://www.costplusdrugs.com/medications/progesterone-100mg-capsule/
2026-07-12T14:22:15+00:00,omp,200 mg,available,$11.87,https://www.costplusdrugs.com/medications/progesterone-200mg-capsule/
2026-07-13T04:31:38+00:00,patch-2x,0.025 mg/day,unavailable,$39.18,https://www.costplusdrugs.com/medications/estradioltwiceweekly-0_025mg-patch8pack/
2026-07-13T04:31:38+00:00,patch-2x,0.0375 mg/day,unavailable,$39.18,https://www.costplusdrugs.com/medications/estradioltwiceweekly-0_0375mg-patch8pack/
2026-07-13T04:31:38+00:00,patch-2x,0.05 mg/day,available,$39.18,https://www.costplusdrugs.com/medications/estradioltwiceweekly-0_05mg-patch8pack/
2026-07-13T04:31:38+00:00,patch-2x,0.075 mg/day,available,$39.18,https://www.costplusdrugs.com/medications/estradioltwiceweekly-0_075mg-patch8pack/
2026-07-13T04:31:38+00:00,patch-2x,0.1 mg/day (Dotti),available,$39.18,https://www.costplusdrugs.com/medications/dotti-(estradiol-twice-weekly)-0_1-mg_24hr-box-of-8-patches-8/
2026-07-13T04:31:38+00:00,patch-1x,0.025 mg/day,available,$53.3,https://www.costplusdrugs.com/medications/climara-0_025mg-24hr-patch-weekly-4/
2026-07-13T04:31:38+00:00,patch-1x,0.0375 mg/day,available,$53.3,https://www.costplusdrugs.com/medications/climara-0_0375mg-24hr-patch-weekly-4/
2026-07-13T04:31:38+00:00,patch-1x,0.05 mg/day,available,$53.3,https://www.costplusdrugs.com/medications/climara-0_05mg-24hr-patch-weekly-4/
2026-07-13T04:31:38+00:00,patch-1x,0.06 mg/day,available,$53.3,https://www.costplusdrugs.com/medications/climara-0_06mg-24hr-patch-weekly-4/
2026-07-13T04:31:38+00:00,patch-1x,0.075 mg/day,available,$53.3,https://www.costplusdrugs.com/medications/climara-0_075mg-24hr-patch-weekly-4/
2026-07-13T04:31:38+00:00,patch-1x,0.1 mg/day,available,$53.3,https://www.costplusdrugs.com/medications/climara-0_1mg-24hr-patch-weekly-4/
2026-07-13T04:31:38+00:00,gel,0.25 mg / 0.25 g,available,$23.43,https://www.costplusdrugs.com/medications/estradiol-0_25mg-0_25g-gel-packet-divigel/
2026-07-13T04:31:38+00:00,gel,0.5 mg / 0.5 g,available,$33.75,https://www.costplusdrugs.com/medications/estradiol-0_5mg-0_5g-gel-packet-divigel/
2026-07-13T04:31:38+00:00,gel,0.75 mg / 0.75 g,available,$23.03,https://www.costplusdrugs.com/medications/estradiol-0_75mg-0_75g-gel-packet-divigel/
2026-07-13T04:31:38+00:00,gel,1 mg / 1 g,available,$26.85,https://www.costplusdrugs.com/medications/estradiol-1mg-g-gel-packet-divigel/
2026-07-13T04:31:38+00:00,gel,1.25 mg / 1.25 g,available,$33.27,https://www.costplusdrugs.com/medications/estradiol-1_25-mg_1_25gm-gel-37_5/
2026-07-13T04:31:38+00:00,omp,100 mg,available,$9.45,https://www.costplusdrugs.com/medications/progesterone-100mg-capsule/
2026-07-13T04:31:38+00:00,omp,200 mg,available,$11.87,https://www.costplusdrugs.com/medications/progesterone-200mg-capsule/
2026-07-13T15:38:00+00:00,patch-2x,0.025 mg/day,unavailable,$39.18,https://www.costplusdrugs.com/medications/estradioltwiceweekly-0_025mg-patch8pack/
2026-07-13T15:38:00+00:00,patch-2x,0.0375 mg/day,unavailable,$39.18,https://www.costplusdrugs.com/medications/estradioltwiceweekly-0_0375mg-patch8pack/
2026-07-13T15:38:00+00:00,patch-2x,0.05 mg/day,available,$39.18,https://www.costplusdrugs.com/medications/estradioltwiceweekly-0_05mg-patch8pack/
2026-07-13T15:38:00+00:00,patch-2x,0.075 mg/day,available,$39.18,https://www.costplusdrugs.com/medications/estradioltwiceweekly-0_075mg-patch8pack/
2026-07-13T15:38:00+00:00,patch-2x,0.1 mg/day (Dotti),available,$39.18,https://www.costplusdrugs.com/medications/dotti-(estradiol-twice-weekly)-0_1-mg_24hr-box-of-8-patches-8/
2026-07-13T15:38:00+00:00,patch-1x,0.025 mg/day,available,$53.3,https://www.costplusdrugs.com/medications/climara-0_025mg-24hr-patch-weekly-4/
2026-07-13T15:38:00+00:00,patch-1x,0.0375 mg/day,available,$53.3,https://www.costplusdrugs.com/medications/climara-0_0375mg-24hr-patch-weekly-4/
2026-07-13T15:38:00+00:00,patch-1x,0.05 mg/day,available,$53.3,https://www.costplusdrugs.com/medications/climara-0_05mg-24hr-patch-weekly-4/
2026-07-13T15:38:00+00:00,patch-1x,0.06 mg/day,available,$53.3,https://www.costplusdrugs.com/medications/climara-0_06mg-24hr-patch-weekly-4/
2026-07-13T15:38:00+00:00,patch-1x,0.075 mg/day,available,$53.3,https://www.costplusdrugs.com/medications/climara-0_075mg-24hr-patch-weekly-4/
2026-07-13T15:38:00+00:00,patch-1x,0.1 mg/day,available,$53.3,https://www.costplusdrugs.com/medications/climara-0_1mg-24hr-patch-weekly-4/
2026-07-13T15:38:00+00:00,gel,0.25 mg / 0.25 g,available,$23.43,https://www.costplusdrugs.com/medications/estradiol-0_25mg-0_25g-gel-packet-divigel/
2026-07-13T15:38:00+00:00,gel,0.5 mg / 0.5 g,available,$33.75,https://www.costplusdrugs.com/medications/estradiol-0_5mg-0_5g-gel-packet-divigel/
2026-07-13T15:38:00+00:00,gel,0.75 mg / 0.75 g,available,$23.03,https://www.costplusdrugs.com/medications/estradiol-0_75mg-0_75g-gel-packet-divigel/
2026-07-13T15:38:00+00:00,gel,1 mg / 1 g,available,$26.85,https://www.costplusdrugs.com/medications/estradiol-1mg-g-gel-packet-divigel/
2026-07-13T15:38:00+00:00,gel,1.25 mg / 1.25 g,available,$33.27,https://www.costplusdrugs.com/medications/estradiol-1_25-mg_1_25gm-gel-37_5/
2026-07-13T15:38:00+00:00,omp,100 mg,available,$9.45,https://www.costplusdrugs.com/medications/progesterone-100mg-capsule/
2026-07-13T15:38:00+00:00,omp,200 mg,available,$11.87,https://www.costplusdrugs.com/medications/progesterone-200mg-capsule/
2026-07-14T03:58:18+00:00,patch-2x,0.025 mg/day,unavailable,$39.18,https://www.costplusdrugs.com/medications/estradioltwiceweekly-0_025mg-patch8pack/
2026-07-14T03:58:18+00:00,patch-2x,0.0375 mg/day,unavailable,$39.18,https://www.costplusdrugs.com/medications/estradioltwiceweekly-0_0375mg-patch8pack/
2026-07-14T03:58:18+00:00,patch-2x,0.05 mg/day,available,$39.18,https://www.costplusdrugs.com/medications/estradioltwiceweekly-0_05mg-patch8pack/
2026-07-14T03:58:18+00:00,patch-2x,0.075 mg/day,available,$39.18,https://www.costplusdrugs.com/medications/estradioltwiceweekly-0_075mg-patch8pack/
2026-07-14T03:58:18+00:00,patch-2x,0.1 mg/day (Dotti),available,$39.18,https://www.costplusdrugs.com/medications/dotti-(estradiol-twice-weekly)-0_1-mg_24hr-box-of-8-patches-8/
2026-07-14T03:58:18+00:00,patch-1x,0.025 mg/day,available,$53.3,https://www.costplusdrugs.com/medications/climara-0_025mg-24hr-patch-weekly-4/
2026-07-14T03:58:18+00:00,patch-1x,0.0375 mg/day,available,$53.3,https://www.costplusdrugs.com/medications/climara-0_0375mg-24hr-patch-weekly-4/
2026-07-14T03:58:18+00:00,patch-1x,0.05 mg/day,available,$53.3,https://www.costplusdrugs.com/medications/climara-0_05mg-24hr-patch-weekly-4/
2026-07-14T03:58:18+00:00,patch-1x,0.06 mg/day,available,$53.3,https://www.costplusdrugs.com/medications/climara-0_06mg-24hr-patch-weekly-4/
2026-07-14T03:58:18+00:00,patch-1x,0.075 mg/day,available,$53.3,https://www.costplusdrugs.com/medications/climara-0_075mg-24hr-patch-weekly-4/
2026-07-14T03:58:18+00:00,patch-1x,0.1 mg/day,available,$53.3,https://www.costplusdrugs.com/medications/climara-0_1mg-24hr-patch-weekly-4/
2026-07-14T03:58:18+00:00,gel,0.25 mg / 0.25 g,available,$23.43,https://www.costplusdrugs.com/medications/estradiol-0_25mg-0_25g-gel-packet-divigel/
2026-07-14T03:58:18+00:00,gel,0.5 mg / 0.5 g,available,$33.75,https://www.costplusdrugs.com/medications/estradiol-0_5mg-0_5g-gel-packet-divigel/
2026-07-14T03:58:18+00:00,gel,0.75 mg / 0.75 g,available,$23.03,https://www.costplusdrugs.com/medications/estradiol-0_75mg-0_75g-gel-packet-divigel/
2026-07-14T03:58:18+00:00,gel,1 mg / 1 g,available,$26.85,https://www.costplusdrugs.com/medications/estradiol-1mg-g-gel-packet-divigel/
2026-07-14T03:58:18+00:00,gel,1.25 mg / 1.25 g,available,$33.27,https://www.costplusdrugs.com/medications/estradiol-1_25-mg_1_25gm-gel-37_5/
2026-07-14T03:58:18+00:00,omp,100 mg,available,$9.45,https://www.costplusdrugs.com/medications/progesterone-100mg-capsule/
2026-07-14T03:58:18+00:00,omp,200 mg,available,$11.87,https://www.costplusdrugs.com/medications/progesterone-200mg-capsule/
2026-07-14T14:41:42+00:00,patch-2x,0.025 mg/day,unavailable,$39.18,https://www.costplusdrugs.com/medications/estradioltwiceweekly-0_025mg-patch8pack/
2026-07-14T14:41:42+00:00,patch-2x,0.0375 mg/day,unavailable,$39.18,https://www.costplusdrugs.com/medications/estradioltwiceweekly-0_0375mg-patch8pack/
2026-07-14T14:41:42+00:00,patch-2x,0.05 mg/day,available,$39.18,https://www.costplusdrugs.com/medications/estradioltwiceweekly-0_05mg-patch8pack/
2026-07-14T14:41:42+00:00,patch-2x,0.075 mg/day,available,$39.18,https://www.costplusdrugs.com/medications/estradioltwiceweekly-0_075mg-patch8pack/
2026-07-14T14:41:42+00:00,patch-2x,0.1 mg/day (Dotti),available,$39.18,https://www.costplusdrugs.com/medications/dotti-(estradiol-twice-weekly)-0_1-mg_24hr-box-of-8-patches-8/
2026-07-14T14:41:42+00:00,patch-1x,0.025 mg/day,available,$53.3,https://www.costplusdrugs.com/medications/climara-0_025mg-24hr-patch-weekly-4/
2026-07-14T14:41:42+00:00,patch-1x,0.0375 mg/day,available,$53.3,https://www.costplusdrugs.com/medications/climara-0_0375mg-24hr-patch-weekly-4/
2026-07-14T14:41:42+00:00,patch-1x,0.05 mg/day,available,$53.3,https://www.costplusdrugs.com/medications/climara-0_05mg-24hr-patch-weekly-4/
2026-07-14T14:41:42+00:00,patch-1x,0.06 mg/day,available,$53.3,https://www.costplusdrugs.com/medications/climara-0_06mg-24hr-patch-weekly-4/
2026-07-14T14:41:42+00:00,patch-1x,0.075 mg/day,available,$53.3,https://www.costplusdrugs.com/medications/climara-0_075mg-24hr-patch-weekly-4/
2026-07-14T14:41:42+00:00,patch-1x,0.1 mg/day,available,$53.3,https://www.costplusdrugs.com/medications/climara-0_1mg-24hr-patch-weekly-4/
2026-07-14T14:41:42+00:00,gel,0.25 mg / 0.25 g,available,$23.43,https://www.costplusdrugs.com/medications/estradiol-0_25mg-0_25g-gel-packet-divigel/
2026-07-14T14:41:42+00:00,gel,0.5 mg / 0.5 g,available,$33.75,https://www.costplusdrugs.com/medications/estradiol-0_5mg-0_5g-gel-packet-divigel/
2026-07-14T14:41:42+00:00,gel,0.75 mg / 0.75 g,available,$23.03,https://www.costplusdrugs.com/medications/estradiol-0_75mg-0_75g-gel-packet-divigel/
2026-07-14T14:41:42+00:00,gel,1 mg / 1 g,available,$26.85,https://www.costplusdrugs.com/medications/estradiol-1mg-g-gel-packet-divigel/
2026-07-14T14:41:42+00:00,gel,1.25 mg / 1.25 g,available,$33.27,https://www.costplusdrugs.com/medications/estradiol-1_25-mg_1_25gm-gel-37_5/
2026-07-14T14:41:42+00:00,omp,100 mg,available,$9.45,https://www.costplusdrugs.com/medications/progesterone-100mg-capsule/
2026-07-14T14:41:42+00:00,omp,200 mg,available,$11.87,https://www.costplusdrugs.com/medications/progesterone-200mg-capsule/
2026-07-15T04:06:37+00:00,patch-2x,0.025 mg/day,unavailable,$39.18,https://www.costplusdrugs.com/medications/estradioltwiceweekly-0_025mg-patch8pack/
2026-07-15T04:06:37+00:00,patch-2x,0.0375 mg/day,unavailable,,https://www.costplusdrugs.com/medications/estradioltwiceweekly-0_0375mg-patch8pack/
2026-07-15T04:06:37+00:00,patch-2x,0.05 mg/day,unavailable,,https://www.costplusdrugs.com/medications/estradioltwiceweekly-0_05mg-patch8pack/
2026-07-15T04:06:37+00:00,patch-2x,0.075 mg/day,unavailable,,https://www.costplusdrugs.com/medications/estradioltwiceweekly-0_075mg-patch8pack/
2026-07-15T04:06:37+00:00,patch-2x,0.1 mg/day (Dotti),unavailable,,https://www.costplusdrugs.com/medications/dotti-(estradiol-twice-weekly)-0_1-mg_24hr-box-of-8-patches-8/
2026-07-15T04:06:37+00:00,patch-1x,0.025 mg/day,unavailable,,https://www.costplusdrugs.com/medications/climara-0_025mg-24hr-patch-weekly-4/
2026-07-15T04:06:37+00:00,patch-1x,0.0375 mg/day,unavailable,,https://www.costplusdrugs.com/medications/climara-0_0375mg-24hr-patch-weekly-4/
2026-07-15T04:06:37+00:00,patch-1x,0.05 mg/day,unavailable,,https://www.costplusdrugs.com/medications/climara-0_05mg-24hr-patch-weekly-4/
2026-07-15T04:06:37+00:00,patch-1x,0.06 mg/day,unavailable,,https://www.costplusdrugs.com/medications/climara-0_06mg-24hr-patch-weekly-4/
2026-07-15T04:06:37+00:00,patch-1x,0.075 mg/day,unavailable,,https://www.costplusdrugs.com/medications/climara-0_075mg-24hr-patch-weekly-4/
2026-07-15T04:06:37+00:00,patch-1x,0.1 mg/day,unavailable,,https://www.costplusdrugs.com/medications/climara-0_1mg-24hr-patch-weekly-4/
2026-07-15T04:06:37+00:00,gel,0.25 mg / 0.25 g,unavailable,,https://www.costplusdrugs.com/medications/estradiol-0_25mg-0_25g-gel-packet-divigel/
2026-07-15T04:06:37+00:00,gel,0.5 mg / 0.5 g,unavailable,,https://www.costplusdrugs.com/medications/estradiol-0_5mg-0_5g-gel-packet-divigel/
2026-07-15T04:06:37+00:00,gel,0.75 mg / 0.75 g,unavailable,,https://www.costplusdrugs.com/medications/estradiol-0_75mg-0_75g-gel-packet-divigel/
2026-07-15T04:06:37+00:00,gel,1 mg / 1 g,unavailable,,https://www.costplusdrugs.com/medications/estradiol-1mg-g-gel-packet-divigel/
2026-07-15T04:06:37+00:00,gel,1.25 mg / 1.25 g,unavailable,,https://www.costplusdrugs.com/medications/estradiol-1_25-mg_1_25gm-gel-37_5/
2026-07-15T04:06:37+00:00,omp,100 mg,unavailable,,https://www.costplusdrugs.com/medications/progesterone-100mg-capsule/
2026-07-15T04:06:37+00:00,omp,200 mg,unavailable,,https://www.costplusdrugs.com/medications/progesterone-200mg-capsule/
2026-07-15T14:31:34+00:00,patch-2x,0.025 mg/day,unavailable,$39.18,https://www.costplusdrugs.com/medications/estradioltwiceweekly-0_025mg-patch8pack/
2026-07-15T14:31:34+00:00,patch-2x,0.0375 mg/day,unavailable,,https://www.costplusdrugs.com/medications/estradioltwiceweekly-0_0375mg-patch8pack/
2026-07-15T14:31:34+00:00,patch-2x,0.05 mg/day,unavailable,,https://www.costplusdrugs.com/medications/estradioltwiceweekly-0_05mg-patch8pack/
2026-07-15T14:31:34+00:00,patch-2x,0.075 mg/day,unavailable,,https://www.costplusdrugs.com/medications/estradioltwiceweekly-0_075mg-patch8pack/
2026-07-15T14:31:34+00:00,patch-2x,0.1 mg/day (Dotti),unavailable,,https://www.costplusdrugs.com/medications/dotti-(estradiol-twice-weekly)-0_1-mg_24hr-box-of-8-patches-8/
2026-07-15T14:31:34+00:00,patch-1x,0.025 mg/day,unavailable,,https://www.costplusdrugs.com/medications/climara-0_025mg-24hr-patch-weekly-4/
2026-07-15T14:31:34+00:00,patch-1x,0.0375 mg/day,unavailable,,https://www.costplusdrugs.com/medications/climara-0_0375mg-24hr-patch-weekly-4/
2026-07-15T14:31:34+00:00,patch-1x,0.05 mg/day,unavailable,,https://www.costplusdrugs.com/medications/climara-0_05mg-24hr-patch-weekly-4/
2026-07-15T14:31:34+00:00,patch-1x,0.06 mg/day,unavailable,,https://www.costplusdrugs.com/medications/climara-0_06mg-24hr-patch-weekly-4/
2026-07-15T14:31:34+00:00,patch-1x,0.075 mg/day,unavailable,,https://www.costplusdrugs.com/medications/climara-0_075mg-24hr-patch-weekly-4/
2026-07-15T14:31:34+00:00,patch-1x,0.1 mg/day,unavailable,,https://www.costplusdrugs.com/medications/climara-0_1mg-24hr-patch-weekly-4/
2026-07-15T14:31:34+00:00,gel,0.25 mg / 0.25 g,unavailable,,https://www.costplusdrugs.com/medications/estradiol-0_25mg-0_25g-gel-packet-divigel/
2026-07-15T14:31:34+00:00,gel,0.5 mg / 0.5 g,unavailable,,https://www.costplusdrugs.com/medications/estradiol-0_5mg-0_5g-gel-packet-divigel/
2026-07-15T14:31:34+00:00,gel,0.75 mg / 0.75 g,unavailable,,https://www.costplusdrugs.com/medications/estradiol-0_75mg-0_75g-gel-packet-divigel/
2026-07-15T14:31:34+00:00,gel,1 mg / 1 g,unavailable,,https://www.costplusdrugs.com/medications/estradiol-1mg-g-gel-packet-divigel/
2026-07-15T14:31:34+00:00,gel,1.25 mg / 1.25 g,unavailable,,https://www.costplusdrugs.com/medications/estradiol-1_25-mg_1_25gm-gel-37_5/
2026-07-15T14:31:34+00:00,omp,100 mg,unavailable,,https://www.costplusdrugs.com/medications/progesterone-100mg-capsule/
2026-07-15T14:31:34+00:00,omp,200 mg,unavailable,,https://www.costplusdrugs.com/medications/progesterone-200mg-capsule/
2026-07-16T04:10:21+00:00,patch-2x,0.025 mg/day,unavailable,$39.18,https://www.costplusdrugs.com/medications/estradioltwiceweekly-0_025mg-patch8pack/
2026-07-16T04:10:21+00:00,patch-2x,0.0375 mg/day,unavailable,,https://www.costplusdrugs.com/medications/estradioltwiceweekly-0_0375mg-patch8pack/
2026-07-16T04:10:21+00:00,patch-2x,0.05 mg/day,unavailable,,https://www.costplusdrugs.com/medications/estradioltwiceweekly-0_05mg-patch8pack/
2026-07-16T04:10:21+00:00,patch-2x,0.075 mg/day,unavailable,,https://www.costplusdrugs.com/medications/estradioltwiceweekly-0_075mg-patch8pack/
2026-07-16T04:10:21+00:00,patch-2x,0.1 mg/day (Dotti),unavailable,,https://www.costplusdrugs.com/medications/dotti-(estradiol-twice-weekly)-0_1-mg_24hr-box-of-8-patches-8/
2026-07-16T04:10:21+00:00,patch-1x,0.025 mg/day,unavailable,,https://www.costplusdrugs.com/medications/climara-0_025mg-24hr-patch-weekly-4/
2026-07-16T04:10:21+00:00,patch-1x,0.0375 mg/day,unavailable,,https://www.costplusdrugs.com/medications/climara-0_0375mg-24hr-patch-weekly-4/
2026-07-16T04:10:21+00:00,patch-1x,0.05 mg/day,unavailable,,https://www.costplusdrugs.com/medications/climara-0_05mg-24hr-patch-weekly-4/
2026-07-16T04:10:21+00:00,patch-1x,0.06 mg/day,unavailable,,https://www.costplusdrugs.com/medications/climara-0_06mg-24hr-patch-weekly-4/
2026-07-16T04:10:21+00:00,patch-1x,0.075 mg/day,unavailable,,https://www.costplusdrugs.com/medications/climara-0_075mg-24hr-patch-weekly-4/
2026-07-16T04:10:21+00:00,patch-1x,0.1 mg/day,unavailable,,https://www.costplusdrugs.com/medications/climara-0_1mg-24hr-patch-weekly-4/
2026-07-16T04:10:21+00:00,gel,0.25 mg / 0.25 g,unavailable,,https://www.costplusdrugs.com/medications/estradiol-0_25mg-0_25g-gel-packet-divigel/
2026-07-16T04:10:21+00:00,gel,0.5 mg / 0.5 g,unavailable,,https://www.costplusdrugs.com/medications/estradiol-0_5mg-0_5g-gel-packet-divigel/
2026-07-16T04:10:21+00:00,gel,0.75 mg / 0.75 g,unavailable,,https://www.costplusdrugs.com/medications/estradiol-0_75mg-0_75g-gel-packet-divigel/
2026-07-16T04:10:21+00:00,gel,1 mg / 1 g,unavailable,,https://www.costplusdrugs.com/medications/estradiol-1mg-g-gel-packet-divigel/
2026-07-16T04:10:21+00:00,gel,1.25 mg / 1.25 g,unavailable,,https://www.costplusdrugs.com/medications/estradiol-1_25-mg_1_25gm-gel-37_5/
2026-07-16T04:10:21+00:00,omp,100 mg,unavailable,,https://www.costplusdrugs.com/medications/progesterone-100mg-capsule/
2026-07-16T04:10:21+00:00,omp,200 mg,unavailable,,https://www.costplusdrugs.com/medications/progesterone-200mg-capsule/
2026-07-16T14:52:02+00:00,patch-2x,0.025 mg/day,unavailable,$39.18,https://www.costplusdrugs.com/medications/estradioltwiceweekly-0_025mg-patch8pack/
2026-07-16T14:52:02+00:00,patch-2x,0.0375 mg/day,unavailable,,https://www.costplusdrugs.com/medications/estradioltwiceweekly-0_0375mg-patch8pack/
2026-07-16T14:52:02+00:00,patch-2x,0.05 mg/day,unavailable,,https://www.costplusdrugs.com/medications/estradioltwiceweekly-0_05mg-patch8pack/
2026-07-16T14:52:02+00:00,patch-2x,0.075 mg/day,unavailable,,https://www.costplusdrugs.com/medications/estradioltwiceweekly-0_075mg-patch8pack/
2026-07-16T14:52:02+00:00,patch-2x,0.1 mg/day (Dotti),unavailable,,https://www.costplusdrugs.com/medications/dotti-(estradiol-twice-weekly)-0_1-mg_24hr-box-of-8-patches-8/
2026-07-16T14:52:02+00:00,patch-1x,0.025 mg/day,unavailable,,https://www.costplusdrugs.com/medications/climara-0_025mg-24hr-patch-weekly-4/
2026-07-16T14:52:02+00:00,patch-1x,0.0375 mg/day,unavailable,,https://www.costplusdrugs.com/medications/climara-0_0375mg-24hr-patch-weekly-4/
2026-07-16T14:52:02+00:00,patch-1x,0.05 mg/day,unavailable,,https://www.costplusdrugs.com/medications/climara-0_05mg-24hr-patch-weekly-4/
2026-07-16T14:52:02+00:00,patch-1x,0.06 mg/day,unavailable,,https://www.costplusdrugs.com/medications/climara-0_06mg-24hr-patch-weekly-4/
2026-07-16T14:52:02+00:00,patch-1x,0.075 mg/day,unavailable,,https://www.costplusdrugs.com/medications/climara-0_075mg-24hr-patch-weekly-4/
2026-07-16T14:52:02+00:00,patch-1x,0.1 mg/day,unavailable,,https://www.costplusdrugs.com/medications/climara-0_1mg-24hr-patch-weekly-4/
2026-07-16T14:52:02+00:00,gel,0.25 mg / 0.25 g,unavailable,,https://www.costplusdrugs.com/medications/estradiol-0_25mg-0_25g-gel-packet-divigel/
2026-07-16T14:52:02+00:00,gel,0.5 mg / 0.5 g,unavailable,,https://www.costplusdrugs.com/medications/estradiol-0_5mg-0_5g-gel-packet-divigel/
2026-07-16T14:52:02+00:00,gel,0.75 mg / 0.75 g,unavailable,,https://www.costplusdrugs.com/medications/estradiol-0_75mg-0_75g-gel-packet-divigel/
2026-07-16T14:52:02+00:00,gel,1 mg / 1 g,unavailable,,https://www.costplusdrugs.com/medications/estradiol-1mg-g-gel-packet-divigel/
2026-07-16T14:52:02+00:00,gel,1.25 mg / 1.25 g,unavailable,,https://www.costplusdrugs.com/medications/estradiol-1_25-mg_1_25gm-gel-37_5/
2026-07-16T14:52:02+00:00,omp,100 mg,unavailable,,https://www.costplusdrugs.com/medications/progesterone-100mg-capsule/
2026-07-16T14:52:02+00:00,omp,200 mg,unavailable,,https://www.costplusdrugs.com/medications/progesterone-200mg-capsule/
2026-07-17T04:08:34+00:00,patch-2x,0.025 mg/day,unavailable,$39.18,https://www.costplusdrugs.com/medications/estradioltwiceweekly-0_025mg-patch8pack/
2026-07-17T04:08:34+00:00,patch-2x,0.0375 mg/day,unavailable,,https://www.costplusdrugs.com/medications/estradioltwiceweekly-0_0375mg-patch8pack/
2026-07-17T04:08:34+00:00,patch-2x,0.05 mg/day,unavailable,,https://www.costplusdrugs.com/medications/estradioltwiceweekly-0_05mg-patch8pack/
2026-07-17T04:08:34+00:00,patch-2x,0.075 mg/day,unavailable,,https://www.costplusdrugs.com/medications/estradioltwiceweekly-0_075mg-patch8pack/
2026-07-17T04:08:34+00:00,patch-2x,0.1 mg/day (Dotti),unavailable,,https://www.costplusdrugs.com/medications/dotti-(estradiol-twice-weekly)-0_1-mg_24hr-box-of-8-patches-8/
2026-07-17T04:08:34+00:00,patch-1x,0.025 mg/day,unavailable,,https://www.costplusdrugs.com/medications/climara-0_025mg-24hr-patch-weekly-4/
2026-07-17T04:08:34+00:00,patch-1x,0.0375 mg/day,unavailable,,https://www.costplusdrugs.com/medications/climara-0_0375mg-24hr-patch-weekly-4/
2026-07-17T04:08:34+00:00,patch-1x,0.05 mg/day,unavailable,,https://www.costplusdrugs.com/medications/climara-0_05mg-24hr-patch-weekly-4/
2026-07-17T04:08:34+00:00,patch-1x,0.06 mg/day,unavailable,,https://www.costplusdrugs.com/medications/climara-0_06mg-24hr-patch-weekly-4/
2026-07-17T04:08:34+00:00,patch-1x,0.075 mg/day,unavailable,,https://www.costplusdrugs.com/medications/climara-0_075mg-24hr-patch-weekly-4/
2026-07-17T04:08:34+00:00,patch-1x,0.1 mg/day,unavailable,,https://www.costplusdrugs.com/medications/climara-0_1mg-24hr-patch-weekly-4/
2026-07-17T04:08:34+00:00,gel,0.25 mg / 0.25 g,unavailable,,https://www.costplusdrugs.com/medications/estradiol-0_25mg-0_25g-gel-packet-divigel/
2026-07-17T04:08:34+00:00,gel,0.5 mg / 0.5 g,unavailable,,https://www.costplusdrugs.com/medications/estradiol-0_5mg-0_5g-gel-packet-divigel/
2026-07-17T04:08:34+00:00,gel,0.75 mg / 0.75 g,unavailable,,https://www.costplusdrugs.com/medications/estradiol-0_75mg-0_75g-gel-packet-divigel/
2026-07-17T04:08:34+00:00,gel,1 mg / 1 g,unavailable,,https://www.costplusdrugs.com/medications/estradiol-1mg-g-gel-packet-divigel/
2026-07-17T04:08:34+00:00,gel,1.25 mg / 1.25 g,unavailable,,https://www.costplusdrugs.com/medications/estradiol-1_25-mg_1_25gm-gel-37_5/
2026-07-17T04:08:34+00:00,omp,100 mg,unavailable,,https://www.costplusdrugs.com/medications/progesterone-100mg-capsule/
2026-07-17T04:08:34+00:00,omp,200 mg,unavailable,,https://www.costplusdrugs.com/medications/progesterone-200mg-capsule/
2026-07-17T14:23:48+00:00,patch-2x,0.025 mg/day,unavailable,$39.18,https://www.costplusdrugs.com/medications/estradioltwiceweekly-0_025mg-patch8pack/
2026-07-17T14:23:48+00:00,patch-2x,0.0375 mg/day,unavailable,,https://www.costplusdrugs.com/medications/estradioltwiceweekly-0_0375mg-patch8pack/
2026-07-17T14:23:48+00:00,patch-2x,0.05 mg/day,unavailable,,https://www.costplusdrugs.com/medications/estradioltwiceweekly-0_05mg-patch8pack/
2026-07-17T14:23:48+00:00,patch-2x,0.075 mg/day,unavailable,,https://www.costplusdrugs.com/medications/estradioltwiceweekly-0_075mg-patch8pack/
2026-07-17T14:23:48+00:00,patch-2x,0.1 mg/day (Dotti),unavailable,,https://www.costplusdrugs.com/medications/dotti-(estradiol-twice-weekly)-0_1-mg_24hr-box-of-8-patches-8/
2026-07-17T14:23:48+00:00,patch-1x,0.025 mg/day,unavailable,,https://www.costplusdrugs.com/medications/climara-0_025mg-24hr-patch-weekly-4/
2026-07-17T14:23:48+00:00,patch-1x,0.0375 mg/day,unavailable,,https://www.costplusdrugs.com/medications/climara-0_0375mg-24hr-patch-weekly-4/
2026-07-17T14:23:48+00:00,patch-1x,0.05 mg/day,unavailable,,https://www.costplusdrugs.com/medications/climara-0_05mg-24hr-patch-weekly-4/
2026-07-17T14:23:48+00:00,patch-1x,0.06 mg/day,unavailable,,https://www.costplusdrugs.com/medications/climara-0_06mg-24hr-patch-weekly-4/
2026-07-17T14:23:48+00:00,patch-1x,0.075 mg/day,unavailable,,https://www.costplusdrugs.com/medications/climara-0_075mg-24hr-patch-weekly-4/
2026-07-17T14:23:48+00:00,patch-1x,0.1 mg/day,unavailable,,https://www.costplusdrugs.com/medications/climara-0_1mg-24hr-patch-weekly-4/
2026-07-17T14:23:48+00:00,gel,0.25 mg / 0.25 g,unavailable,,https://www.costplusdrugs.com/medications/estradiol-0_25mg-0_25g-gel-packet-divigel/
2026-07-17T14:23:48+00:00,gel,0.5 mg / 0.5 g,unavailable,,https://www.costplusdrugs.com/medications/estradiol-0_5mg-0_5g-gel-packet-divigel/
2026-07-17T14:23:48+00:00,gel,0.75 mg / 0.75 g,unavailable,,https://www.costplusdrugs.com/medications/estradiol-0_75mg-0_75g-gel-packet-divigel/
2026-07-17T14:23:48+00:00,gel,1 mg / 1 g,unavailable,,https://www.costplusdrugs.com/medications/estradiol-1mg-g-gel-packet-divigel/
2026-07-17T14:23:48+00:00,gel,1.25 mg / 1.25 g,unavailable,,https://www.costplusdrugs.com/medications/estradiol-1_25-mg_1_25gm-gel-37_5/
2026-07-17T14:23:48+00:00,omp,100 mg,unavailable,,https://www.costplusdrugs.com/medications/progesterone-100mg-capsule/
2026-07-17T14:23:48+00:00,omp,200 mg,unavailable,,https://www.costplusdrugs.com/medications/progesterone-200mg-capsule/
2026-07-18T03:56:29+00:00,patch-2x,0.025 mg/day,unavailable,$39.18,https://www.costplusdrugs.com/medications/estradioltwiceweekly-0_025mg-patch8pack/
2026-07-18T03:56:29+00:00,patch-2x,0.0375 mg/day,unavailable,,https://www.costplusdrugs.com/medications/estradioltwiceweekly-0_0375mg-patch8pack/
2026-07-18T03:56:29+00:00,patch-2x,0.05 mg/day,unavailable,,https://www.costplusdrugs.com/medications/estradioltwiceweekly-0_05mg-patch8pack/
2026-07-18T03:56:29+00:00,patch-2x,0.075 mg/day,unavailable,,https://www.costplusdrugs.com/medications/estradioltwiceweekly-0_075mg-patch8pack/
2026-07-18T03:56:29+00:00,patch-2x,0.1 mg/day (Dotti),unavailable,,https://www.costplusdrugs.com/medications/dotti-(estradiol-twice-weekly)-0_1-mg_24hr-box-of-8-patches-8/
2026-07-18T03:56:29+00:00,patch-1x,0.025 mg/day,unavailable,,https://www.costplusdrugs.com/medications/climara-0_025mg-24hr-patch-weekly-4/
2026-07-18T03:56:29+00:00,patch-1x,0.0375 mg/day,unavailable,,https://www.costplusdrugs.com/medications/climara-0_0375mg-24hr-patch-weekly-4/
2026-07-18T03:56:29+00:00,patch-1x,0.05 mg/day,unavailable,,https://www.costplusdrugs.com/medications/climara-0_05mg-24hr-patch-weekly-4/
2026-07-18T03:56:29+00:00,patch-1x,0.06 mg/day,unavailable,,https://www.costplusdrugs.com/medications/climara-0_06mg-24hr-patch-weekly-4/
2026-07-18T03:56:29+00:00,patch-1x,0.075 mg/day,unavailable,,https://www.costplusdrugs.com/medications/climara-0_075mg-24hr-patch-weekly-4/
2026-07-18T03:56:29+00:00,patch-1x,0.1 mg/day,unavailable,,https://www.costplusdrugs.com/medications/climara-0_1mg-24hr-patch-weekly-4/
2026-07-18T03:56:29+00:00,gel,0.25 mg / 0.25 g,unavailable,,https://www.costplusdrugs.com/medications/estradiol-0_25mg-0_25g-gel-packet-divigel/
2026-07-18T03:56:29+00:00,gel,0.5 mg / 0.5 g,unavailable,,https://www.costplusdrugs.com/medications/estradiol-0_5mg-0_5g-gel-packet-divigel/
2026-07-18T03:56:29+00:00,gel,0.75 mg / 0.75 g,unavailable,,https://www.costplusdrugs.com/medications/estradiol-0_75mg-0_75g-gel-packet-divigel/
2026-07-18T03:56:29+00:00,gel,1 mg / 1 g,unavailable,,https://www.costplusdrugs.com/medications/estradiol-1mg-g-gel-packet-divigel/
2026-07-18T03:56:29+00:00,gel,1.25 mg / 1.25 g,unavailable,,https://www.costplusdrugs.com/medications/estradiol-1_25-mg_1_25gm-gel-37_5/
2026-07-18T03:56:29+00:00,omp,100 mg,unavailable,,https://www.costplusdrugs.com/medications/progesterone-100mg-capsule/
2026-07-18T03:56:29+00:00,omp,200 mg,unavailable,,https://www.costplusdrugs.com/medications/progesterone-200mg-capsule/
2026-07-18T14:13:46+00:00,patch-2x,0.025 mg/day,unavailable,$39.18,https://www.costplusdrugs.com/medications/estradioltwiceweekly-0_025mg-patch8pack/
2026-07-18T14:13:46+00:00,patch-2x,0.0375 mg/day,unavailable,,https://www.costplusdrugs.com/medications/estradioltwiceweekly-0_0375mg-patch8pack/
2026-07-18T14:13:46+00:00,patch-2x,0.05 mg/day,unavailable,,https://www.costplusdrugs.com/medications/estradioltwiceweekly-0_05mg-patch8pack/
2026-07-18T14:13:46+00:00,patch-2x,0.075 mg/day,unavailable,,https://www.costplusdrugs.com/medications/estradioltwiceweekly-0_075mg-patch8pack/
2026-07-18T14:13:46+00:00,patch-2x,0.1 mg/day (Dotti),unavailable,,https://www.costplusdrugs.com/medications/dotti-(estradiol-twice-weekly)-0_1-mg_24hr-box-of-8-patches-8/
2026-07-18T14:13:46+00:00,patch-1x,0.025 mg/day,unavailable,,https://www.costplusdrugs.com/medications/climara-0_025mg-24hr-patch-weekly-4/
2026-07-18T14:13:46+00:00,patch-1x,0.0375 mg/day,unavailable,,https://www.costplusdrugs.com/medications/climara-0_0375mg-24hr-patch-weekly-4/
2026-07-18T14:13:46+00:00,patch-1x,0.05 mg/day,unavailable,,https://www.costplusdrugs.com/medications/climara-0_05mg-24hr-patch-weekly-4/
2026-07-18T14:13:46+00:00,patch-1x,0.06 mg/day,unavailable,,https://www.costplusdrugs.com/medications/climara-0_06mg-24hr-patch-weekly-4/
2026-07-18T14:13:46+00:00,patch-1x,0.075 mg/day,unavailable,,https://www.costplusdrugs.com/medications/climara-0_075mg-24hr-patch-weekly-4/
2026-07-18T14:13:46+00:00,patch-1x,0.1 mg/day,unavailable,,https://www.costplusdrugs.com/medications/climara-0_1mg-24hr-patch-weekly-4/
2026-07-18T14:13:46+00:00,gel,0.25 mg / 0.25 g,unavailable,,https://www.costplusdrugs.com/medications/estradiol-0_25mg-0_25g-gel-packet-divigel/
2026-07-18T14:13:46+00:00,gel,0.5 mg / 0.5 g,unavailable,,https://www.costplusdrugs.com/medications/estradiol-0_5mg-0_5g-gel-packet-divigel/
2026-07-18T14:13:46+00:00,gel,0.75 mg / 0.75 g,unavailable,,https://www.costplusdrugs.com/medications/estradiol-0_75mg-0_75g-gel-packet-divigel/
2026-07-18T14:13:46+00:00,gel,1 mg / 1 g,unavailable,,https://www.costplusdrugs.com/medications/estradiol-1mg-g-gel-packet-divigel/
2026-07-18T14:13:46+00:00,gel,1.25 mg / 1.25 g,unavailable,,https://www.costplusdrugs.com/medications/estradiol-1_25-mg_1_25gm-gel-37_5/
2026-07-18T14:13:46+00:00,omp,100 mg,unavailable,,https://www.costplusdrugs.com/medications/progesterone-100mg-capsule/
2026-07-18T14:13:46+00:00,omp,200 mg,unavailable,,https://www.costplusdrugs.com/medications/progesterone-200mg-capsule/
2026-07-19T04:22:29+00:00,patch-2x,0.025 mg/day,unavailable,$39.18,https://www.costplusdrugs.com/medications/estradioltwiceweekly-0_025mg-patch8pack/
2026-07-19T04:22:29+00:00,patch-2x,0.0375 mg/day,unavailable,,https://www.costplusdrugs.com/medications/estradioltwiceweekly-0_0375mg-patch8pack/
2026-07-19T04:22:29+00:00,patch-2x,0.05 mg/day,unavailable,,https://www.costplusdrugs.com/medications/estradioltwiceweekly-0_05mg-patch8pack/
2026-07-19T04:22:29+00:00,patch-2x,0.075 mg/day,unavailable,,https://www.costplusdrugs.com/medications/estradioltwiceweekly-0_075mg-patch8pack/
2026-07-19T04:22:29+00:00,patch-2x,0.1 mg/day (Dotti),unavailable,,https://www.costplusdrugs.com/medications/dotti-(estradiol-twice-weekly)-0_1-mg_24hr-box-of-8-patches-8/
2026-07-19T04:22:29+00:00,patch-1x,0.025 mg/day,unavailable,,https://www.costplusdrugs.com/medications/climara-0_025mg-24hr-patch-weekly-4/
2026-07-19T04:22:29+00:00,patch-1x,0.0375 mg/day,unavailable,,https://www.costplusdrugs.com/medications/climara-0_0375mg-24hr-patch-weekly-4/
2026-07-19T04:22:29+00:00,patch-1x,0.05 mg/day,unavailable,,https://www.costplusdrugs.com/medications/climara-0_05mg-24hr-patch-weekly-4/
2026-07-19T04:22:29+00:00,patch-1x,0.06 mg/day,unavailable,,https://www.costplusdrugs.com/medications/climara-0_06mg-24hr-patch-weekly-4/
2026-07-19T04:22:29+00:00,patch-1x,0.075 mg/day,unavailable,,https://www.costplusdrugs.com/medications/climara-0_075mg-24hr-patch-weekly-4/
2026-07-19T04:22:29+00:00,patch-1x,0.1 mg/day,unavailable,,https://www.costplusdrugs.com/medications/climara-0_1mg-24hr-patch-weekly-4/
2026-07-19T04:22:29+00:00,gel,0.25 mg / 0.25 g,unavailable,,https://www.costplusdrugs.com/medications/estradiol-0_25mg-0_25g-gel-packet-divigel/
2026-07-19T04:22:29+00:00,gel,0.5 mg / 0.5 g,unavailable,,https://www.costplusdrugs.com/medications/estradiol-0_5mg-0_5g-gel-packet-divigel/
2026-07-19T04:22:29+00:00,gel,0.75 mg / 0.75 g,unavailable,,https://www.costplusdrugs.com/medications/estradiol-0_75mg-0_75g-gel-packet-divigel/
2026-07-19T04:22:29+00:00,gel,1 mg / 1 g,unavailable,,https://www.costplusdrugs.com/medications/estradiol-1mg-g-gel-packet-divigel/
2026-07-19T04:22:29+00:00,gel,1.25 mg / 1.25 g,unavailable,,https://www.costplusdrugs.com/medications/estradiol-1_25-mg_1_25gm-gel-37_5/
2026-07-19T04:22:29+00:00,omp,100 mg,unavailable,,https://www.costplusdrugs.com/medications/progesterone-100mg-capsule/
2026-07-19T04:22:29+00:00,omp,200 mg,unavailable,,https://www.costplusdrugs.com/medications/progesterone-200mg-capsule/
2026-07-19T14:18:22+00:00,patch-2x,0.025 mg/day,unavailable,$39.18,https://www.costplusdrugs.com/medications/estradioltwiceweekly-0_025mg-patch8pack/
2026-07-19T14:18:22+00:00,patch-2x,0.0375 mg/day,unavailable,,https://www.costplusdrugs.com/medications/estradioltwiceweekly-0_0375mg-patch8pack/
2026-07-19T14:18:22+00:00,patch-2x,0.05 mg/day,unavailable,,https://www.costplusdrugs.com/medications/estradioltwiceweekly-0_05mg-patch8pack/
2026-07-19T14:18:22+00:00,patch-2x,0.075 mg/day,unavailable,,https://www.costplusdrugs.com/medications/estradioltwiceweekly-0_075mg-patch8pack/
2026-07-19T14:18:22+00:00,patch-2x,0.1 mg/day (Dotti),unavailable,,https://www.costplusdrugs.com/medications/dotti-(estradiol-twice-weekly)-0_1-mg_24hr-box-of-8-patches-8/
2026-07-19T14:18:22+00:00,patch-1x,0.025 mg/day,unavailable,,https://www.costplusdrugs.com/medications/climara-0_025mg-24hr-patch-weekly-4/
2026-07-19T14:18:22+00:00,patch-1x,0.0375 mg/day,unavailable,,https://www.costplusdrugs.com/medications/climara-0_0375mg-24hr-patch-weekly-4/
2026-07-19T14:18:22+00:00,patch-1x,0.05 mg/day,unavailable,,https://www.costplusdrugs.com/medications/climara-0_05mg-24hr-patch-weekly-4/
2026-07-19T14:18:22+00:00,patch-1x,0.06 mg/day,unavailable,,https://www.costplusdrugs.com/medications/climara-0_06mg-24hr-patch-weekly-4/
2026-07-19T14:18:22+00:00,patch-1x,0.075 mg/day,unavailable,,https://www.costplusdrugs.com/medications/climara-0_075mg-24hr-patch-weekly-4/
2026-07-19T14:18:22+00:00,patch-1x,0.1 mg/day,unavailable,,https://www.costplusdrugs.com/medications/climara-0_1mg-24hr-patch-weekly-4/
2026-07-19T14:18:22+00:00,gel,0.25 mg / 0.25 g,unavailable,,https://www.costplusdrugs.com/medications/estradiol-0_25mg-0_25g-gel-packet-divigel/
2026-07-19T14:18:22+00:00,gel,0.5 mg / 0.5 g,unavailable,,https://www.costplusdrugs.com/medications/estradiol-0_5mg-0_5g-gel-packet-divigel/
2026-07-19T14:18:22+00:00,gel,0.75 mg / 0.75 g,unavailable,,https://www.costplusdrugs.com/medications/estradiol-0_75mg-0_75g-gel-packet-divigel/
2026-07-19T14:18:22+00:00,gel,1 mg / 1 g,unavailable,,https://www.costplusdrugs.com/medications/estradiol-1mg-g-gel-packet-divigel/
2026-07-19T14:18:22+00:00,gel,1.25 mg / 1.25 g,unavailable,,https://www.costplusdrugs.com/medications/estradiol-1_25-mg_1_25gm-gel-37_5/
2026-07-19T14:18:22+00:00,omp,100 mg,unavailable,,https://www.costplusdrugs.com/medications/progesterone-100mg-capsule/
2026-07-19T14:18:22+00:00,omp,200 mg,unavailable,,https://www.costplusdrugs.com/medications/progesterone-200mg-capsule/
2026-07-20T04:37:00+00:00,patch-2x,0.025 mg/day,unavailable,$39.18,https://www.costplusdrugs.com/medications/estradioltwiceweekly-0_025mg-patch8pack/
2026-07-20T04:37:00+00:00,patch-2x,0.0375 mg/day,unavailable,,https://www.costplusdrugs.com/medications/estradioltwiceweekly-0_0375mg-patch8pack/
2026-07-20T04:37:00+00:00,patch-2x,0.05 mg/day,unavailable,,https://www.costplusdrugs.com/medications/estradioltwiceweekly-0_05mg-patch8pack/
2026-07-20T04:37:00+00:00,patch-2x,0.075 mg/day,unavailable,,https://www.costplusdrugs.com/medications/estradioltwiceweekly-0_075mg-patch8pack/
2026-07-20T04:37:00+00:00,patch-2x,0.1 mg/day (Dotti),unavailable,,https://www.costplusdrugs.com/medications/dotti-(estradiol-twice-weekly)-0_1-mg_24hr-box-of-8-patches-8/
2026-07-20T04:37:00+00:00,patch-1x,0.025 mg/day,unavailable,,https://www.costplusdrugs.com/medications/climara-0_025mg-24hr-patch-weekly-4/
2026-07-20T04:37:00+00:00,patch-1x,0.0375 mg/day,unavailable,,https://www.costplusdrugs.com/medications/climara-0_0375mg-24hr-patch-weekly-4/
2026-07-20T04:37:00+00:00,patch-1x,0.05 mg/day,unavailable,,https://www.costplusdrugs.com/medications/climara-0_05mg-24hr-patch-weekly-4/
2026-07-20T04:37:00+00:00,patch-1x,0.06 mg/day,unavailable,,https://www.costplusdrugs.com/medications/climara-0_06mg-24hr-patch-weekly-4/
2026-07-20T04:37:00+00:00,patch-1x,0.075 mg/day,unavailable,,https://www.costplusdrugs.com/medications/climara-0_075mg-24hr-patch-weekly-4/
2026-07-20T04:37:00+00:00,patch-1x,0.1 mg/day,unavailable,,https://www.costplusdrugs.com/medications/climara-0_1mg-24hr-patch-weekly-4/
2026-07-20T04:37:00+00:00,gel,0.25 mg / 0.25 g,unavailable,,https://www.costplusdrugs.com/medications/estradiol-0_25mg-0_25g-gel-packet-divigel/
2026-07-20T04:37:00+00:00,gel,0.5 mg / 0.5 g,unavailable,,https://www.costplusdrugs.com/medications/estradiol-0_5mg-0_5g-gel-packet-divigel/
2026-07-20T04:37:00+00:00,gel,0.75 mg / 0.75 g,unavailable,,https://www.costplusdrugs.com/medications/estradiol-0_75mg-0_75g-gel-packet-divigel/
2026-07-20T04:37:00+00:00,gel,1 mg / 1 g,unavailable,,https://www.costplusdrugs.com/medications/estradiol-1mg-g-gel-packet-divigel/
2026-07-20T04:37:00+00:00,gel,1.25 mg / 1.25 g,unavailable,,https://www.costplusdrugs.com/medications/estradiol-1_25-mg_1_25gm-gel-37_5/
2026-07-20T04:37:00+00:00,omp,100 mg,unavailable,,https://www.costplusdrugs.com/medications/progesterone-100mg-capsule/
2026-07-20T04:37:00+00:00,omp,200 mg,unavailable,,https://www.costplusdrugs.com/medications/progesterone-200mg-capsule/
2026-07-20T15:00:45+00:00,patch-2x,0.025 mg/day,unavailable,$39.18,https://www.costplusdrugs.com/medications/estradioltwiceweekly-0_025mg-patch8pack/
2026-07-20T15:00:45+00:00,patch-2x,0.0375 mg/day,unavailable,,https://www.costplusdrugs.com/medications/estradioltwiceweekly-0_0375mg-patch8pack/
2026-07-20T15:00:45+00:00,patch-2x,0.05 mg/day,unavailable,,https://www.costplusdrugs.com/medications/estradioltwiceweekly-0_05mg-patch8pack/
2026-07-20T15:00:45+00:00,patch-2x,0.075 mg/day,unavailable,,https://www.costplusdrugs.com/medications/estradioltwiceweekly-0_075mg-patch8pack/
2026-07-20T15:00:45+00:00,patch-2x,0.1 mg/day (Dotti),unavailable,,https://www.costplusdrugs.com/medications/dotti-(estradiol-twice-weekly)-0_1-mg_24hr-box-of-8-patches-8/
2026-07-20T15:00:45+00:00,patch-1x,0.025 mg/day,unavailable,,https://www.costplusdrugs.com/medications/climara-0_025mg-24hr-patch-weekly-4/
2026-07-20T15:00:45+00:00,patch-1x,0.0375 mg/day,unavailable,,https://www.costplusdrugs.com/medications/climara-0_0375mg-24hr-patch-weekly-4/
2026-07-20T15:00:45+00:00,patch-1x,0.05 mg/day,unavailable,,https://www.costplusdrugs.com/medications/climara-0_05mg-24hr-patch-weekly-4/
2026-07-20T15:00:45+00:00,patch-1x,0.06 mg/day,unavailable,,https://www.costplusdrugs.com/medications/climara-0_06mg-24hr-patch-weekly-4/
2026-07-20T15:00:45+00:00,patch-1x,0.075 mg/day,unavailable,,https://www.costplusdrugs.com/medications/climara-0_075mg-24hr-patch-weekly-4/
2026-07-20T15:00:45+00:00,patch-1x,0.1 mg/day,unavailable,,https://www.costplusdrugs.com/medications/climara-0_1mg-24hr-patch-weekly-4/
2026-07-20T15:00:45+00:00,gel,0.25 mg / 0.25 g,unavailable,,https://www.costplusdrugs.com/medications/estradiol-0_25mg-0_25g-gel-packet-divigel/
2026-07-20T15:00:45+00:00,gel,0.5 mg / 0.5 g,unavailable,,https://www.costplusdrugs.com/medications/estradiol-0_5mg-0_5g-gel-packet-divigel/
2026-07-20T15:00:45+00:00,gel,0.75 mg / 0.75 g,unavailable,,https://www.costplusdrugs.com/medications/estradiol-0_75mg-0_75g-gel-packet-divigel/
2026-07-20T15:00:45+00:00,gel,1 mg / 1 g,unavailable,,https://www.costplusdrugs.com/medications/estradiol-1mg-g-gel-packet-divigel/
2026-07-20T15:00:45+00:00,gel,1.25 mg / 1.25 g,unavailable,,https://www.costplusdrugs.com/medications/estradiol-1_25-mg_1_25gm-gel-37_5/
2026-07-20T15:00:45+00:00,omp,100 mg,unavailable,,https://www.costplusdrugs.com/medications/progesterone-100mg-capsule/
2026-07-20T15:00:45+00:00,omp,200 mg,unavailable,,https://www.costplusdrugs.com/medications/progesterone-200mg-capsule/
2026-07-21T04:16:42+00:00,patch-2x,0.025 mg/day,unavailable,$39.18,https://www.costplusdrugs.com/medications/estradioltwiceweekly-0_025mg-patch8pack/
2026-07-21T04:16:42+00:00,patch-2x,0.0375 mg/day,unavailable,,https://www.costplusdrugs.com/medications/estradioltwiceweekly-0_0375mg-patch8pack/
2026-07-21T04:16:42+00:00,patch-2x,0.05 mg/day,unavailable,,https://www.costplusdrugs.com/medications/estradioltwiceweekly-0_05mg-patch8pack/
2026-07-21T04:16:42+00:00,patch-2x,0.075 mg/day,unavailable,,https://www.costplusdrugs.com/medications/estradioltwiceweekly-0_075mg-patch8pack/
2026-07-21T04:16:42+00:00,patch-2x,0.1 mg/day (Dotti),unavailable,,https://www.costplusdrugs.com/medications/dotti-(estradiol-twice-weekly)-0_1-mg_24hr-box-of-8-patches-8/
2026-07-21T04:16:42+00:00,patch-1x,0.025 mg/day,unavailable,,https://www.costplusdrugs.com/medications/climara-0_025mg-24hr-patch-weekly-4/
2026-07-21T04:16:42+00:00,patch-1x,0.0375 mg/day,unavailable,,https://www.costplusdrugs.com/medications/climara-0_0375mg-24hr-patch-weekly-4/
2026-07-21T04:16:42+00:00,patch-1x,0.05 mg/day,unavailable,,https://www.costplusdrugs.com/medications/climara-0_05mg-24hr-patch-weekly-4/
2026-07-21T04:16:42+00:00,patch-1x,0.06 mg/day,unavailable,,https://www.costplusdrugs.com/medications/climara-0_06mg-24hr-patch-weekly-4/
2026-07-21T04:16:42+00:00,patch-1x,0.075 mg/day,unavailable,,https://www.costplusdrugs.com/medications/climara-0_075mg-24hr-patch-weekly-4/
2026-07-21T04:16:42+00:00,patch-1x,0.1 mg/day,unavailable,,https://www.costplusdrugs.com/medications/climara-0_1mg-24hr-patch-weekly-4/
2026-07-21T04:16:42+00:00,gel,0.25 mg / 0.25 g,unavailable,,https://www.costplusdrugs.com/medications/estradiol-0_25mg-0_25g-gel-packet-divigel/
2026-07-21T04:16:42+00:00,gel,0.5 mg / 0.5 g,unavailable,,https://www.costplusdrugs.com/medications/estradiol-0_5mg-0_5g-gel-packet-divigel/
2026-07-21T04:16:42+00:00,gel,0.75 mg / 0.75 g,unavailable,,https://www.costplusdrugs.com/medications/estradiol-0_75mg-0_75g-gel-packet-divigel/
2026-07-21T04:16:42+00:00,gel,1 mg / 1 g,unavailable,,https://www.costplusdrugs.com/medications/estradiol-1mg-g-gel-packet-divigel/
2026-07-21T04:16:42+00:00,gel,1.25 mg / 1.25 g,unavailable,,https://www.costplusdrugs.com/medications/estradiol-1_25-mg_1_25gm-gel-37_5/
2026-07-21T04:16:42+00:00,omp,100 mg,unavailable,,https://www.costplusdrugs.com/medications/progesterone-100mg-capsule/
2026-07-21T04:16:42+00:00,omp,200 mg,unavailable,,https://www.costplusdrugs.com/medications/progesterone-200mg-capsule/
2026-07-21T14:53:26+00:00,patch-2x,0.025 mg/day,unavailable,$39.18,https://www.costplusdrugs.com/medications/estradioltwiceweekly-0_025mg-patch8pack/
2026-07-21T14:53:26+00:00,patch-2x,0.0375 mg/day,unavailable,,https://www.costplusdrugs.com/medications/estradioltwiceweekly-0_0375mg-patch8pack/
2026-07-21T14:53:26+00:00,patch-2x,0.05 mg/day,unavailable,,https://www.costplusdrugs.com/medications/estradioltwiceweekly-0_05mg-patch8pack/
2026-07-21T14:53:26+00:00,patch-2x,0.075 mg/day,unavailable,,https://www.costplusdrugs.com/medications/estradioltwiceweekly-0_075mg-patch8pack/
2026-07-21T14:53:26+00:00,patch-2x,0.1 mg/day (Dotti),unavailable,,https://www.costplusdrugs.com/medications/dotti-(estradiol-twice-weekly)-0_1-mg_24hr-box-of-8-patches-8/
2026-07-21T14:53:26+00:00,patch-1x,0.025 mg/day,unavailable,,https://www.costplusdrugs.com/medications/climara-0_025mg-24hr-patch-weekly-4/
2026-07-21T14:53:26+00:00,patch-1x,0.0375 mg/day,unavailable,,https://www.costplusdrugs.com/medications/climara-0_0375mg-24hr-patch-weekly-4/
2026-07-21T14:53:26+00:00,patch-1x,0.05 mg/day,unavailable,,https://www.costplusdrugs.com/medications/climara-0_05mg-24hr-patch-weekly-4/
2026-07-21T14:53:26+00:00,patch-1x,0.06 mg/day,unavailable,,https://www.costplusdrugs.com/medications/climara-0_06mg-24hr-patch-weekly-4/
2026-07-21T14:53:26+00:00,patch-1x,0.075 mg/day,unavailable,,https://www.costplusdrugs.com/medications/climara-0_075mg-24hr-patch-weekly-4/
2026-07-21T14:53:26+00:00,patch-1x,0.1 mg/day,unavailable,,https://www.costplusdrugs.com/medications/climara-0_1mg-24hr-patch-weekly-4/
2026-07-21T14:53:26+00:00,gel,0.25 mg / 0.25 g,unavailable,,https://www.costplusdrugs.com/medications/estradiol-0_25mg-0_25g-gel-packet-divigel/
2026-07-21T14:53:26+00:00,gel,0.5 mg / 0.5 g,unavailable,,https://www.costplusdrugs.com/medications/estradiol-0_5mg-0_5g-gel-packet-divigel/
2026-07-21T14:53:26+00:00,gel,0.75 mg / 0.75 g,unavailable,,https://www.costplusdrugs.com/medications/estradiol-0_75mg-0_75g-gel-packet-divigel/
2026-07-21T14:53:26+00:00,gel,1 mg / 1 g,unavailable,,https://www.costplusdrugs.com/medications/estradiol-1mg-g-gel-packet-divigel/
2026-07-21T14:53:26+00:00,gel,1.25 mg / 1.25 g,unavailable,,https://www.costplusdrugs.com/medications/estradiol-1_25-mg_1_25gm-gel-37_5/
2026-07-21T14:53:26+00:00,omp,100 mg,unavailable,,https://www.costplusdrugs.com/medications/progesterone-100mg-capsule/
2026-07-21T14:53:26+00:00,omp,200 mg,unavailable,,https://www.costplusdrugs.com/medications/progesterone-200mg-capsule/
2026-07-22T04:18:41+00:00,patch-2x,0.025 mg/day,unavailable,$39.18,https://www.costplusdrugs.com/medications/estradioltwiceweekly-0_025mg-patch8pack/
2026-07-22T04:18:41+00:00,patch-2x,0.0375 mg/day,unavailable,,https://www.costplusdrugs.com/medications/estradioltwiceweekly-0_0375mg-patch8pack/
2026-07-22T04:18:41+00:00,patch-2x,0.05 mg/day,unavailable,,https://www.costplusdrugs.com/medications/estradioltwiceweekly-0_05mg-patch8pack/
2026-07-22T04:18:41+00:00,patch-2x,0.075 mg/day,unavailable,,https://www.costplusdrugs.com/medications/estradioltwiceweekly-0_075mg-patch8pack/
2026-07-22T04:18:41+00:00,patch-2x,0.1 mg/day (Dotti),unavailable,,https://www.costplusdrugs.com/medications/dotti-(estradiol-twice-weekly)-0_1-mg_24hr-box-of-8-patches-8/
2026-07-22T04:18:41+00:00,patch-1x,0.025 mg/day,unavailable,,https://www.costplusdrugs.com/medications/climara-0_025mg-24hr-patch-weekly-4/
2026-07-22T04:18:41+00:00,patch-1x,0.0375 mg/day,unavailable,,https://www.costplusdrugs.com/medications/climara-0_0375mg-24hr-patch-weekly-4/
2026-07-22T04:18:41+00:00,patch-1x,0.05 mg/day,unavailable,,https://www.costplusdrugs.com/medications/climara-0_05mg-24hr-patch-weekly-4/
2026-07-22T04:18:41+00:00,patch-1x,0.06 mg/day,unavailable,,https://www.costplusdrugs.com/medications/climara-0_06mg-24hr-patch-weekly-4/
2026-07-22T04:18:41+00:00,patch-1x,0.075 mg/day,unavailable,,https://www.costplusdrugs.com/medications/climara-0_075mg-24hr-patch-weekly-4/
2026-07-22T04:18:41+00:00,patch-1x,0.1 mg/day,unavailable,,https://www.costplusdrugs.com/medications/climara-0_1mg-24hr-patch-weekly-4/
2026-07-22T04:18:41+00:00,gel,0.25 mg / 0.25 g,unavailable,,https://www.costplusdrugs.com/medications/estradiol-0_25mg-0_25g-gel-packet-divigel/
2026-07-22T04:18:41+00:00,gel,0.5 mg / 0.5 g,unavailable,,https://www.costplusdrugs.com/medications/estradiol-0_5mg-0_5g-gel-packet-divigel/
2026-07-22T04:18:41+00:00,gel,0.75 mg / 0.75 g,unavailable,,https://www.costplusdrugs.com/medications/estradiol-0_75mg-0_75g-gel-packet-divigel/
2026-07-22T04:18:41+00:00,gel,1 mg / 1 g,unavailable,,https://www.costplusdrugs.com/medications/estradiol-1mg-g-gel-packet-divigel/
2026-07-22T04:18:41+00:00,gel,1.25 mg / 1.25 g,unavailable,,https://www.costplusdrugs.com/medications/estradiol-1_25-mg_1_25gm-gel-37_5/
2026-07-22T04:18:41+00:00,omp,100 mg,unavailable,,https://www.costplusdrugs.com/medications/progesterone-100mg-capsule/
2026-07-22T04:18:41+00:00,omp,200 mg,unavailable,,https://www.costplusdrugs.com/medications/progesterone-200mg-capsule/
2026-07-22T14:52:51+00:00,patch-2x,0.025 mg/day,unavailable,$39.18,https://www.costplusdrugs.com/medications/estradioltwiceweekly-0_025mg-patch8pack/
2026-07-22T14:52:51+00:00,patch-2x,0.0375 mg/day,unavailable,,https://www.costplusdrugs.com/medications/estradioltwiceweekly-0_0375mg-patch8pack/
2026-07-22T14:52:51+00:00,patch-2x,0.05 mg/day,unavailable,,https://www.costplusdrugs.com/medications/estradioltwiceweekly-0_05mg-patch8pack/
2026-07-22T14:52:51+00:00,patch-2x,0.075 mg/day,unavailable,,https://www.costplusdrugs.com/medications/estradioltwiceweekly-0_075mg-patch8pack/
2026-07-22T14:52:51+00:00,patch-2x,0.1 mg/day (Dotti),unavailable,,https://www.costplusdrugs.com/medications/dotti-(estradiol-twice-weekly)-0_1-mg_24hr-box-of-8-patches-8/
2026-07-22T14:52:51+00:00,patch-1x,0.025 mg/day,unavailable,,https://www.costplusdrugs.com/medications/climara-0_025mg-24hr-patch-weekly-4/
2026-07-22T14:52:51+00:00,patch-1x,0.0375 mg/day,unavailable,,https://www.costplusdrugs.com/medications/climara-0_0375mg-24hr-patch-weekly-4/
2026-07-22T14:52:51+00:00,patch-1x,0.05 mg/day,unavailable,,https://www.costplusdrugs.com/medications/climara-0_05mg-24hr-patch-weekly-4/
2026-07-22T14:52:51+00:00,patch-1x,0.06 mg/day,unavailable,,https://www.costplusdrugs.com/medications/climara-0_06mg-24hr-patch-weekly-4/
2026-07-22T14:52:51+00:00,patch-1x,0.075 mg/day,unavailable,,https://www.costplusdrugs.com/medications/climara-0_075mg-24hr-patch-weekly-4/
2026-07-22T14:52:51+00:00,patch-1x,0.1 mg/day,unavailable,,https://www.costplusdrugs.com/medications/climara-0_1mg-24hr-patch-weekly-4/
2026-07-22T14:52:51+00:00,gel,0.25 mg / 0.25 g,unavailable,,https://www.costplusdrugs.com/medications/estradiol-0_25mg-0_25g-gel-packet-divigel/
2026-07-22T14:52:51+00:00,gel,0.5 mg / 0.5 g,unavailable,,https://www.costplusdrugs.com/medications/estradiol-0_5mg-0_5g-gel-packet-divigel/
2026-07-22T14:52:51+00:00,gel,0.75 mg / 0.75 g,unavailable,,https://www.costplusdrugs.com/medications/estradiol-0_75mg-0_75g-gel-packet-divigel/
2026-07-22T14:52:51+00:00,gel,1 mg / 1 g,unavailable,,https://www.costplusdrugs.com/medications/estradiol-1mg-g-gel-packet-divigel/
2026-07-22T14:52:51+00:00,gel,1.25 mg / 1.25 g,unavailable,,https://www.costplusdrugs.com/medications/estradiol-1_25-mg_1_25gm-gel-37_5/
2026-07-22T14:52:51+00:00,omp,100 mg,unavailable,,https://www.costplusdrugs.com/medications/progesterone-100mg-capsule/
2026-07-22T14:52:51+00:00,omp,200 mg,unavailable,,https://www.costplusdrugs.com/medications/progesterone-200mg-capsule/
2026-07-23T04:16:38+00:00,patch-2x,0.025 mg/day,unavailable,$39.18,https://www.costplusdrugs.com/medications/estradioltwiceweekly-0_025mg-patch8pack/
2026-07-23T04:16:38+00:00,patch-2x,0.0375 mg/day,unavailable,,https://www.costplusdrugs.com/medications/estradioltwiceweekly-0_0375mg-patch8pack/
2026-07-23T04:16:38+00:00,patch-2x,0.05 mg/day,unavailable,,https://www.costplusdrugs.com/medications/estradioltwiceweekly-0_05mg-patch8pack/
2026-07-23T04:16:38+00:00,patch-2x,0.075 mg/day,unavailable,,https://www.costplusdrugs.com/medications/estradioltwiceweekly-0_075mg-patch8pack/
2026-07-23T04:16:38+00:00,patch-2x,0.1 mg/day (Dotti),unavailable,,https://www.costplusdrugs.com/medications/dotti-(estradiol-twice-weekly)-0_1-mg_24hr-box-of-8-patches-8/
2026-07-23T04:16:38+00:00,patch-1x,0.025 mg/day,unavailable,,https://www.costplusdrugs.com/medications/climara-0_025mg-24hr-patch-weekly-4/
2026-07-23T04:16:38+00:00,patch-1x,0.0375 mg/day,unavailable,,https://www.costplusdrugs.com/medications/climara-0_0375mg-24hr-patch-weekly-4/
2026-07-23T04:16:38+00:00,patch-1x,0.05 mg/day,unavailable,,https://www.costplusdrugs.com/medications/climara-0_05mg-24hr-patch-weekly-4/
2026-07-23T04:16:38+00:00,patch-1x,0.06 mg/day,unavailable,,https://www.costplusdrugs.com/medications/climara-0_06mg-24hr-patch-weekly-4/
2026-07-23T04:16:38+00:00,patch-1x,0.075 mg/day,unavailable,,https://www.costplusdrugs.com/medications/climara-0_075mg-24hr-patch-weekly-4/
2026-07-23T04:16:38+00:00,patch-1x,0.1 mg/day,unavailable,,https://www.costplusdrugs.com/medications/climara-0_1mg-24hr-patch-weekly-4/
2026-07-23T04:16:38+00:00,gel,0.25 mg / 0.25 g,unavailable,,https://www.costplusdrugs.com/medications/estradiol-0_25mg-0_25g-gel-packet-divigel/
2026-07-23T04:16:38+00:00,gel,0.5 mg / 0.5 g,unavailable,,https://www.costplusdrugs.com/medications/estradiol-0_5mg-0_5g-gel-packet-divigel/
2026-07-23T04:16:38+00:00,gel,0.75 mg / 0.75 g,unavailable,,https://www.costplusdrugs.com/medications/estradiol-0_75mg-0_75g-gel-packet-divigel/
2026-07-23T04:16:38+00:00,gel,1 mg / 1 g,unavailable,,https://www.costplusdrugs.com/medications/estradiol-1mg-g-gel-packet-divigel/
2026-07-23T04:16:38+00:00,gel,1.25 mg / 1.25 g,unavailable,,https://www.costplusdrugs.com/medications/estradiol-1_25-mg_1_25gm-gel-37_5/
2026-07-23T04:16:38+00:00,omp,100 mg,unavailable,,https://www.costplusdrugs.com/medications/progesterone-100mg-capsule/
2026-07-23T04:16:38+00:00,omp,200 mg,unavailable,,https://www.costplusdrugs.com/medications/progesterone-200mg-capsule/
2026-07-23T14:59:36+00:00,patch-2x,0.025 mg/day,unavailable,$39.18,https://www.costplusdrugs.com/medications/estradioltwiceweekly-0_025mg-patch8pack/
2026-07-23T14:59:36+00:00,patch-2x,0.0375 mg/day,unavailable,,https://www.costplusdrugs.com/medications/estradioltwiceweekly-0_0375mg-patch8pack/
2026-07-23T14:59:36+00:00,patch-2x,0.05 mg/day,unavailable,,https://www.costplusdrugs.com/medications/estradioltwiceweekly-0_05mg-patch8pack/
2026-07-23T14:59:36+00:00,patch-2x,0.075 mg/day,unavailable,,https://www.costplusdrugs.com/medications/estradioltwiceweekly-0_075mg-patch8pack/
2026-07-23T14:59:36+00:00,patch-2x,0.1 mg/day (Dotti),unavailable,,https://www.costplusdrugs.com/medications/dotti-(estradiol-twice-weekly)-0_1-mg_24hr-box-of-8-patches-8/
2026-07-23T14:59:36+00:00,patch-1x,0.025 mg/day,unavailable,,https://www.costplusdrugs.com/medications/climara-0_025mg-24hr-patch-weekly-4/
2026-07-23T14:59:36+00:00,patch-1x,0.0375 mg/day,unavailable,,https://www.costplusdrugs.com/medications/climara-0_0375mg-24hr-patch-weekly-4/
2026-07-23T14:59:36+00:00,patch-1x,0.05 mg/day,unavailable,,https://www.costplusdrugs.com/medications/climara-0_05mg-24hr-patch-weekly-4/
2026-07-23T14:59:36+00:00,patch-1x,0.06 mg/day,unavailable,,https://www.costplusdrugs.com/medications/climara-0_06mg-24hr-patch-weekly-4/
2026-07-23T14:59:36+00:00,patch-1x,0.075 mg/day,unavailable,,https://www.costplusdrugs.com/medications/climara-0_075mg-24hr-patch-weekly-4/
2026-07-23T14:59:36+00:00,patch-1x,0.1 mg/day,unavailable,,https://www.costplusdrugs.com/medications/climara-0_1mg-24hr-patch-weekly-4/
2026-07-23T14:59:36+00:00,gel,0.25 mg / 0.25 g,unavailable,,https://www.costplusdrugs.com/medications/estradiol-0_25mg-0_25g-gel-packet-divigel/
2026-07-23T14:59:36+00:00,gel,0.5 mg / 0.5 g,unavailable,,https://www.costplusdrugs.com/medications/estradiol-0_5mg-0_5g-gel-packet-divigel/
2026-07-23T14:59:36+00:00,gel,0.75 mg / 0.75 g,unavailable,,https://www.costplusdrugs.com/medications/estradiol-0_75mg-0_75g-gel-packet-divigel/
2026-07-23T14:59:36+00:00,gel,1 mg / 1 g,unavailable,,https://www.costplusdrugs.com/medications/estradiol-1mg-g-gel-packet-divigel/
2026-07-23T14:59:36+00:00,gel,1.25 mg / 1.25 g,unavailable,,https://www.costplusdrugs.com/medications/estradiol-1_25-mg_1_25gm-gel-37_5/
2026-07-23T14:59:36+00:00,omp,100 mg,unavailable,,https://www.costplusdrugs.com/medications/progesterone-100mg-capsule/
2026-07-23T14:59:36+00:00,omp,200 mg,unavailable,,https://www.costplusdrugs.com/medications/progesterone-200mg-capsule/
2026-07-24T04:16:24+00:00,patch-2x,0.025 mg/day,unavailable,$39.18,https://www.costplusdrugs.com/medications/estradioltwiceweekly-0_025mg-patch8pack/
2026-07-24T04:16:24+00:00,patch-2x,0.0375 mg/day,unavailable,,https://www.costplusdrugs.com/medications/estradioltwiceweekly-0_0375mg-patch8pack/
2026-07-24T04:16:24+00:00,patch-2x,0.05 mg/day,unavailable,,https://www.costplusdrugs.com/medications/estradioltwiceweekly-0_05mg-patch8pack/
2026-07-24T04:16:24+00:00,patch-2x,0.075 mg/day,unavailable,,https://www.costplusdrugs.com/medications/estradioltwiceweekly-0_075mg-patch8pack/
2026-07-24T04:16:24+00:00,patch-2x,0.1 mg/day (Dotti),unavailable,,https://www.costplusdrugs.com/medications/dotti-(estradiol-twice-weekly)-0_1-mg_24hr-box-of-8-patches-8/
2026-07-24T04:16:24+00:00,patch-1x,0.025 mg/day,unavailable,,https://www.costplusdrugs.com/medications/climara-0_025mg-24hr-patch-weekly-4/
2026-07-24T04:16:24+00:00,patch-1x,0.0375 mg/day,unavailable,,https://www.costplusdrugs.com/medications/climara-0_0375mg-24hr-patch-weekly-4/
2026-07-24T04:16:24+00:00,patch-1x,0.05 mg/day,unavailable,,https://www.costplusdrugs.com/medications/climara-0_05mg-24hr-patch-weekly-4/
2026-07-24T04:16:24+00:00,patch-1x,0.06 mg/day,unavailable,,https://www.costplusdrugs.com/medications/climara-0_06mg-24hr-patch-weekly-4/
2026-07-24T04:16:24+00:00,patch-1x,0.075 mg/day,unavailable,,https://www.costplusdrugs.com/medications/climara-0_075mg-24hr-patch-weekly-4/
2026-07-24T04:16:24+00:00,patch-1x,0.1 mg/day,unavailable,,https://www.costplusdrugs.com/medications/climara-0_1mg-24hr-patch-weekly-4/
2026-07-24T04:16:24+00:00,gel,0.25 mg / 0.25 g,unavailable,,https://www.costplusdrugs.com/medications/estradiol-0_25mg-0_25g-gel-packet-divigel/
2026-07-24T04:16:24+00:00,gel,0.5 mg / 0.5 g,unavailable,,https://www.costplusdrugs.com/medications/estradiol-0_5mg-0_5g-gel-packet-divigel/
2026-07-24T04:16:24+00:00,gel,0.75 mg / 0.75 g,unavailable,,https://www.costplusdrugs.com/medications/estradiol-0_75mg-0_75g-gel-packet-divigel/
2026-07-24T04:16:24+00:00,gel,1 mg / 1 g,unavailable,,https://www.costplusdrugs.com/medications/estradiol-1mg-g-gel-packet-divigel/
2026-07-24T04:16:24+00:00,gel,1.25 mg / 1.25 g,unavailable,,https://www.costplusdrugs.com/medications/estradiol-1_25-mg_1_25gm-gel-37_5/
2026-07-24T04:16:24+00:00,omp,100 mg,unavailable,,https://www.costplusdrugs.com/medications/progesterone-100mg-capsule/
2026-07-24T04:16:24+00:00,omp,200 mg,unavailable,,https://www.costplusdrugs.com/medications/progesterone-200mg-capsule/
2026-07-24T14:41:35+00:00,patch-2x,0.025 mg/day,unavailable,$39.18,https://www.costplusdrugs.com/medications/estradioltwiceweekly-0_025mg-patch8pack/
2026-07-24T14:41:35+00:00,patch-2x,0.0375 mg/day,unavailable,,https://www.costplusdrugs.com/medications/estradioltwiceweekly-0_0375mg-patch8pack/
2026-07-24T14:41:35+00:00,patch-2x,0.05 mg/day,unavailable,,https://www.costplusdrugs.com/medications/estradioltwiceweekly-0_05mg-patch8pack/
2026-07-24T14:41:35+00:00,patch-2x,0.075 mg/day,unavailable,,https://www.costplusdrugs.com/medications/estradioltwiceweekly-0_075mg-patch8pack/
2026-07-24T14:41:35+00:00,patch-2x,0.1 mg/day (Dotti),unavailable,,https://www.costplusdrugs.com/medications/dotti-(estradiol-twice-weekly)-0_1-mg_24hr-box-of-8-patches-8/
2026-07-24T14:41:35+00:00,patch-1x,0.025 mg/day,unavailable,,https://www.costplusdrugs.com/medications/climara-0_025mg-24hr-patch-weekly-4/
2026-07-24T14:41:35+00:00,patch-1x,0.0375 mg/day,unavailable,,https://www.costplusdrugs.com/medications/climara-0_0375mg-24hr-patch-weekly-4/
2026-07-24T14:41:35+00:00,patch-1x,0.05 mg/day,unavailable,,https://www.costplusdrugs.com/medications/climara-0_05mg-24hr-patch-weekly-4/
2026-07-24T14:41:35+00:00,patch-1x,0.06 mg/day,unavailable,,https://www.costplusdrugs.com/medications/climara-0_06mg-24hr-patch-weekly-4/
2026-07-24T14:41:35+00:00,patch-1x,0.075 mg/day,unavailable,,https://www.costplusdrugs.com/medications/climara-0_075mg-24hr-patch-weekly-4/
2026-07-24T14:41:35+00:00,patch-1x,0.1 mg/day,unavailable,,https://www.costplusdrugs.com/medications/climara-0_1mg-24hr-patch-weekly-4/
2026-07-24T14:41:35+00:00,gel,0.25 mg / 0.25 g,unavailable,,https://www.costplusdrugs.com/medications/estradiol-0_25mg-0_25g-gel-packet-divigel/
2026-07-24T14:41:35+00:00,gel,0.5 mg / 0.5 g,unavailable,,https://www.costplusdrugs.com/medications/estradiol-0_5mg-0_5g-gel-packet-divigel/
2026-07-24T14:41:35+00:00,gel,0.75 mg / 0.75 g,unavailable,,https://www.costplusdrugs.com/medications/estradiol-0_75mg-0_75g-gel-packet-divigel/
2026-07-24T14:41:35+00:00,gel,1 mg / 1 g,unavailable,,https://www.costplusdrugs.com/medications/estradiol-1mg-g-gel-packet-divigel/
2026-07-24T14:41:35+00:00,gel,1.25 mg / 1.25 g,unavailable,,https://www.costplusdrugs.com/medications/estradiol-1_25-mg_1_25gm-gel-37_5/
2026-07-24T14:41:35+00:00,omp,100 mg,unavailable,,https://www.costplusdrugs.com/medications/progesterone-100mg-capsule/
2026-07-24T14:41:35+00:00,omp,200 mg,unavailable,,https://www.costplusdrugs.com/medications/progesterone-200mg-capsule/
2026-07-25T04:12:46+00:00,patch-2x,0.025 mg/day,unavailable,$39.18,https://www.costplusdrugs.com/medications/estradioltwiceweekly-0_025mg-patch8pack/
2026-07-25T04:12:46+00:00,patch-2x,0.0375 mg/day,unavailable,,https://www.costplusdrugs.com/medications/estradioltwiceweekly-0_0375mg-patch8pack/
2026-07-25T04:12:46+00:00,patch-2x,0.05 mg/day,unavailable,,https://www.costplusdrugs.com/medications/estradioltwiceweekly-0_05mg-patch8pack/
2026-07-25T04:12:46+00:00,patch-2x,0.075 mg/day,unavailable,,https://www.costplusdrugs.com/medications/estradioltwiceweekly-0_075mg-patch8pack/
2026-07-25T04:12:46+00:00,patch-2x,0.1 mg/day (Dotti),unavailable,,https://www.costplusdrugs.com/medications/dotti-(estradiol-twice-weekly)-0_1-mg_24hr-box-of-8-patches-8/
2026-07-25T04:12:46+00:00,patch-1x,0.025 mg/day,unavailable,,https://www.costplusdrugs.com/medications/climara-0_025mg-24hr-patch-weekly-4/
2026-07-25T04:12:46+00:00,patch-1x,0.0375 mg/day,unavailable,,https://www.costplusdrugs.com/medications/climara-0_0375mg-24hr-patch-weekly-4/
2026-07-25T04:12:46+00:00,patch-1x,0.05 mg/day,unavailable,,https://www.costplusdrugs.com/medications/climara-0_05mg-24hr-patch-weekly-4/
2026-07-25T04:12:46+00:00,patch-1x,0.06 mg/day,unavailable,,https://www.costplusdrugs.com/medications/climara-0_06mg-24hr-patch-weekly-4/
2026-07-25T04:12:46+00:00,patch-1x,0.075 mg/day,unavailable,,https://www.costplusdrugs.com/medications/climara-0_075mg-24hr-patch-weekly-4/
2026-07-25T04:12:46+00:00,patch-1x,0.1 mg/day,unavailable,,https://www.costplusdrugs.com/medications/climara-0_1mg-24hr-patch-weekly-4/
2026-07-25T04:12:46+00:00,gel,0.25 mg / 0.25 g,unavailable,,https://www.costplusdrugs.com/medications/estradiol-0_25mg-0_25g-gel-packet-divigel/
2026-07-25T04:12:46+00:00,gel,0.5 mg / 0.5 g,unavailable,,https://www.costplusdrugs.com/medications/estradiol-0_5mg-0_5g-gel-packet-divigel/
2026-07-25T04:12:46+00:00,gel,0.75 mg / 0.75 g,unavailable,,https://www.costplusdrugs.com/medications/estradiol-0_75mg-0_75g-gel-packet-divigel/
2026-07-25T04:12:46+00:00,gel,1 mg / 1 g,unavailable,,https://www.costplusdrugs.com/medications/estradiol-1mg-g-gel-packet-divigel/
2026-07-25T04:12:46+00:00,gel,1.25 mg / 1.25 g,unavailable,,https://www.costplusdrugs.com/medications/estradiol-1_25-mg_1_25gm-gel-37_5/
2026-07-25T04:12:46+00:00,omp,100 mg,unavailable,,https://www.costplusdrugs.com/medications/progesterone-100mg-capsule/
2026-07-25T04:12:46+00:00,omp,200 mg,unavailable,,https://www.costplusdrugs.com/medications/progesterone-200mg-capsule/
2026-07-25T14:25:08+00:00,patch-2x,0.025 mg/day,unavailable,$39.18,https://www.costplusdrugs.com/medications/estradioltwiceweekly-0_025mg-patch8pack/
2026-07-25T14:25:08+00:00,patch-2x,0.0375 mg/day,unavailable,,https://www.costplusdrugs.com/medications/estradioltwiceweekly-0_0375mg-patch8pack/
2026-07-25T14:25:08+00:00,patch-2x,0.05 mg/day,unavailable,,https://www.costplusdrugs.com/medications/estradioltwiceweekly-0_05mg-patch8pack/
2026-07-25T14:25:08+00:00,patch-2x,0.075 mg/day,unavailable,,https://www.costplusdrugs.com/medications/estradioltwiceweekly-0_075mg-patch8pack/
2026-07-25T14:25:08+00:00,patch-2x,0.1 mg/day (Dotti),unavailable,,https://www.costplusdrugs.com/medications/dotti-(estradiol-twice-weekly)-0_1-mg_24hr-box-of-8-patches-8/
2026-07-25T14:25:08+00:00,patch-1x,0.025 mg/day,unavailable,,https://www.costplusdrugs.com/medications/climara-0_025mg-24hr-patch-weekly-4/
2026-07-25T14:25:08+00:00,patch-1x,0.0375 mg/day,unavailable,,https://www.costplusdrugs.com/medications/climara-0_0375mg-24hr-patch-weekly-4/
2026-07-25T14:25:08+00:00,patch-1x,0.05 mg/day,unavailable,,https://www.costplusdrugs.com/medications/climara-0_05mg-24hr-patch-weekly-4/
2026-07-25T14:25:08+00:00,patch-1x,0.06 mg/day,unavailable,,https://www.costplusdrugs.com/medications/climara-0_06mg-24hr-patch-weekly-4/
2026-07-25T14:25:08+00:00,patch-1x,0.075 mg/day,unavailable,,https://www.costplusdrugs.com/medications/climara-0_075mg-24hr-patch-weekly-4/
2026-07-25T14:25:08+00:00,patch-1x,0.1 mg/day,unavailable,,https://www.costplusdrugs.com/medications/climara-0_1mg-24hr-patch-weekly-4/
2026-07-25T14:25:08+00:00,gel,0.25 mg / 0.25 g,unavailable,,https://www.costplusdrugs.com/medications/estradiol-0_25mg-0_25g-gel-packet-divigel/
2026-07-25T14:25:08+00:00,gel,0.5 mg / 0.5 g,unavailable,,https://www.costplusdrugs.com/medications/estradiol-0_5mg-0_5g-gel-packet-divigel/
2026-07-25T14:25:08+00:00,gel,0.75 mg / 0.75 g,unavailable,,https://www.costplusdrugs.com/medications/estradiol-0_75mg-0_75g-gel-packet-divigel/
2026-07-25T14:25:08+00:00,gel,1 mg / 1 g,unavailable,,https://www.costplusdrugs.com/medications/estradiol-1mg-g-gel-packet-divigel/
2026-07-25T14:25:08+00:00,gel,1.25 mg / 1.25 g,unavailable,,https://www.costplusdrugs.com/medications/estradiol-1_25-mg_1_25gm-gel-37_5/
2026-07-25T14:25:08+00:00,omp,100 mg,unavailable,,https://www.costplusdrugs.com/medications/progesterone-100mg-capsule/
2026-07-25T14:25:08+00:00,omp,200 mg,unavailable,,https://www.costplusdrugs.com/medications/progesterone-200mg-capsule/
2026-07-26T04:28:12+00:00,patch-2x,0.025 mg/day,unavailable,$39.18,https://www.costplusdrugs.com/medications/estradioltwiceweekly-0_025mg-patch8pack/
2026-07-26T04:28:12+00:00,patch-2x,0.0375 mg/day,unavailable,,https://www.costplusdrugs.com/medications/estradioltwiceweekly-0_0375mg-patch8pack/
2026-07-26T04:28:12+00:00,patch-2x,0.05 mg/day,unavailable,,https://www.costplusdrugs.com/medications/estradioltwiceweekly-0_05mg-patch8pack/
2026-07-26T04:28:12+00:00,patch-2x,0.075 mg/day,unavailable,,https://www.costplusdrugs.com/medications/estradioltwiceweekly-0_075mg-patch8pack/
2026-07-26T04:28:12+00:00,patch-2x,0.1 mg/day (Dotti),unavailable,,https://www.costplusdrugs.com/medications/dotti-(estradiol-twice-weekly)-0_1-mg_24hr-box-of-8-patches-8/
2026-07-26T04:28:12+00:00,patch-1x,0.025 mg/day,unavailable,,https://www.costplusdrugs.com/medications/climara-0_025mg-24hr-patch-weekly-4/
2026-07-26T04:28:12+00:00,patch-1x,0.0375 mg/day,unavailable,,https://www.costplusdrugs.com/medications/climara-0_0375mg-24hr-patch-weekly-4/
2026-07-26T04:28:12+00:00,patch-1x,0.05 mg/day,unavailable,,https://www.costplusdrugs.com/medications/climara-0_05mg-24hr-patch-weekly-4/
2026-07-26T04:28:12+00:00,patch-1x,0.06 mg/day,unavailable,,https://www.costplusdrugs.com/medications/climara-0_06mg-24hr-patch-weekly-4/
2026-07-26T04:28:12+00:00,patch-1x,0.075 mg/day,unavailable,,https://www.costplusdrugs.com/medications/climara-0_075mg-24hr-patch-weekly-4/
2026-07-26T04:28:12+00:00,patch-1x,0.1 mg/day,unavailable,,https://www.costplusdrugs.com/medications/climara-0_1mg-24hr-patch-weekly-4/
2026-07-26T04:28:12+00:00,gel,0.25 mg / 0.25 g,unavailable,,https://www.costplusdrugs.com/medications/estradiol-0_25mg-0_25g-gel-packet-divigel/
2026-07-26T04:28:12+00:00,gel,0.5 mg / 0.5 g,unavailable,,https://www.costplusdrugs.com/medications/estradiol-0_5mg-0_5g-gel-packet-divigel/
2026-07-26T04:28:12+00:00,gel,0.75 mg / 0.75 g,unavailable,,https://www.costplusdrugs.com/medications/estradiol-0_75mg-0_75g-gel-packet-divigel/
2026-07-26T04:28:12+00:00,gel,1 mg / 1 g,unavailable,,https://www.costplusdrugs.com/medications/estradiol-1mg-g-gel-packet-divigel/
2026-07-26T04:28:12+00:00,gel,1.25 mg / 1.25 g,unavailable,,https://www.costplusdrugs.com/medications/estradiol-1_25-mg_1_25gm-gel-37_5/
2026-07-26T04:28:12+00:00,omp,100 mg,unavailable,,https://www.costplusdrugs.com/medications/progesterone-100mg-capsule/
2026-07-26T04:28:12+00:00,omp,200 mg,unavailable,,https://www.costplusdrugs.com/medications/progesterone-200mg-capsule/
2026-07-26T14:22:16+00:00,patch-2x,0.025 mg/day,unavailable,$39.18,https://www.costplusdrugs.com/medications/estradioltwiceweekly-0_025mg-patch8pack/
2026-07-26T14:22:16+00:00,patch-2x,0.0375 mg/day,unavailable,,https://www.costplusdrugs.com/medications/estradioltwiceweekly-0_0375mg-patch8pack/
2026-07-26T14:22:16+00:00,patch-2x,0.05 mg/day,unavailable,,https://www.costplusdrugs.com/medications/estradioltwiceweekly-0_05mg-patch8pack/
2026-07-26T14:22:16+00:00,patch-2x,0.075 mg/day,unavailable,,https://www.costplusdrugs.com/medications/estradioltwiceweekly-0_075mg-patch8pack/
2026-07-26T14:22:16+00:00,patch-2x,0.1 mg/day (Dotti),unavailable,,https://www.costplusdrugs.com/medications/dotti-(estradiol-twice-weekly)-0_1-mg_24hr-box-of-8-patches-8/
2026-07-26T14:22:16+00:00,patch-1x,0.025 mg/day,unavailable,,https://www.costplusdrugs.com/medications/climara-0_025mg-24hr-patch-weekly-4/
2026-07-26T14:22:16+00:00,patch-1x,0.0375 mg/day,unavailable,,https://www.costplusdrugs.com/medications/climara-0_0375mg-24hr-patch-weekly-4/
2026-07-26T14:22:16+00:00,patch-1x,0.05 mg/day,unavailable,,https://www.costplusdrugs.com/medications/climara-0_05mg-24hr-patch-weekly-4/
2026-07-26T14:22:16+00:00,patch-1x,0.06 mg/day,unavailable,,https://www.costplusdrugs.com/medications/climara-0_06mg-24hr-patch-weekly-4/
2026-07-26T14:22:16+00:00,patch-1x,0.075 mg/day,unavailable,,https://www.costplusdrugs.com/medications/climara-0_075mg-24hr-patch-weekly-4/
2026-07-26T14:22:16+00:00,patch-1x,0.1 mg/day,unavailable,,https://www.costplusdrugs.com/medications/climara-0_1mg-24hr-patch-weekly-4/
2026-07-26T14:22:16+00:00,gel,0.25 mg / 0.25 g,unavailable,,https://www.costplusdrugs.com/medications/estradiol-0_25mg-0_25g-gel-packet-divigel/
2026-07-26T14:22:16+00:00,gel,0.5 mg / 0.5 g,unavailable,,https://www.costplusdrugs.com/medications/estradiol-0_5mg-0_5g-gel-packet-divigel/
2026-07-26T14:22:16+00:00,gel,0.75 mg / 0.75 g,unavailable,,https://www.costplusdrugs.com/medications/estradiol-0_75mg-0_75g-gel-packet-divigel/
2026-07-26T14:22:16+00:00,gel,1 mg / 1 g,unavailable,,https://www.costplusdrugs.com/medications/estradiol-1mg-g-gel-packet-divigel/
2026-07-26T14:22:16+00:00,gel,1.25 mg / 1.25 g,unavailable,,https://www.costplusdrugs.com/medications/estradiol-1_25-mg_1_25gm-gel-37_5/
2026-07-26T14:22:16+00:00,omp,100 mg,unavailable,,https://www.costplusdrugs.com/medications/progesterone-100mg-capsule/
2026-07-26T14:22:16+00:00,omp,200 mg,unavailable,,https://www.costplusdrugs.com/medications/progesterone-200mg-capsule/
2026-07-27T04:38:13+00:00,patch-2x,0.025 mg/day,unavailable,$39.18,https://www.costplusdrugs.com/medications/estradioltwiceweekly-0_025mg-patch8pack/
2026-07-27T04:38:13+00:00,patch-2x,0.0375 mg/day,unavailable,,https://www.costplusdrugs.com/medications/estradioltwiceweekly-0_0375mg-patch8pack/
2026-07-27T04:38:13+00:00,patch-2x,0.05 mg/day,unavailable,,https://www.costplusdrugs.com/medications/estradioltwiceweekly-0_05mg-patch8pack/
2026-07-27T04:38:13+00:00,patch-2x,0.075 mg/day,unavailable,,https://www.costplusdrugs.com/medications/estradioltwiceweekly-0_075mg-patch8pack/
2026-07-27T04:38:13+00:00,patch-2x,0.1 mg/day (Dotti),unavailable,,https://www.costplusdrugs.com/medications/dotti-(estradiol-twice-weekly)-0_1-mg_24hr-box-of-8-patches-8/
2026-07-27T04:38:13+00:00,patch-1x,0.025 mg/day,unavailable,,https://www.costplusdrugs.com/medications/climara-0_025mg-24hr-patch-weekly-4/
2026-07-27T04:38:13+00:00,patch-1x,0.0375 mg/day,unavailable,,https://www.costplusdrugs.com/medications/climara-0_0375mg-24hr-patch-weekly-4/
2026-07-27T04:38:13+00:00,patch-1x,0.05 mg/day,unavailable,,https://www.costplusdrugs.com/medications/climara-0_05mg-24hr-patch-weekly-4/
2026-07-27T04:38:13+00:00,patch-1x,0.06 mg/day,unavailable,,https://www.costplusdrugs.com/medications/climara-0_06mg-24hr-patch-weekly-4/
2026-07-27T04:38:13+00:00,patch-1x,0.075 mg/day,unavailable,,https://www.costplusdrugs.com/medications/climara-0_075mg-24hr-patch-weekly-4/
2026-07-27T04:38:13+00:00,patch-1x,0.1 mg/day,unavailable,,https://www.costplusdrugs.com/medications/climara-0_1mg-24hr-patch-weekly-4/
2026-07-27T04:38:13+00:00,gel,0.25 mg / 0.25 g,unavailable,,https://www.costplusdrugs.com/medications/estradiol-0_25mg-0_25g-gel-packet-divigel/
2026-07-27T04:38:13+00:00,gel,0.5 mg / 0.5 g,unavailable,,https://www.costplusdrugs.com/medications/estradiol-0_5mg-0_5g-gel-packet-divigel/
2026-07-27T04:38:13+00:00,gel,0.75 mg / 0.75 g,unavailable,,https://www.costplusdrugs.com/medications/estradiol-0_75mg-0_75g-gel-packet-divigel/
2026-07-27T04:38:13+00:00,gel,1 mg / 1 g,unavailable,,https://www.costplusdrugs.com/medications/estradiol-1mg-g-gel-packet-divigel/
2026-07-27T04:38:13+00:00,gel,1.25 mg / 1.25 g,unavailable,,https://www.costplusdrugs.com/medications/estradiol-1_25-mg_1_25gm-gel-37_5/
2026-07-27T04:38:13+00:00,omp,100 mg,unavailable,,https://www.costplusdrugs.com/medications/progesterone-100mg-capsule/
2026-07-27T04:38:13+00:00,omp,200 mg,unavailable,,https://www.costplusdrugs.com/medications/progesterone-200mg-capsule/
2026-07-27T15:36:20+00:00,patch-2x,0.025 mg/day,unavailable,$39.18,https://www.costplusdrugs.com/medications/estradioltwiceweekly-0_025mg-patch8pack/
2026-07-27T15:36:20+00:00,patch-2x,0.0375 mg/day,unavailable,,https://www.costplusdrugs.com/medications/estradioltwiceweekly-0_0375mg-patch8pack/
2026-07-27T15:36:20+00:00,patch-2x,0.05 mg/day,unavailable,,https://www.costplusdrugs.com/medications/estradioltwiceweekly-0_05mg-patch8pack/
2026-07-27T15:36:20+00:00,patch-2x,0.075 mg/day,unavailable,,https://www.costplusdrugs.com/medications/estradioltwiceweekly-0_075mg-patch8pack/
2026-07-27T15:36:20+00:00,patch-2x,0.1 mg/day (Dotti),unavailable,,https://www.costplusdrugs.com/medications/dotti-(estradiol-twice-weekly)-0_1-mg_24hr-box-of-8-patches-8/
2026-07-27T15:36:20+00:00,patch-1x,0.025 mg/day,unavailable,,https://www.costplusdrugs.com/medications/climara-0_025mg-24hr-patch-weekly-4/
2026-07-27T15:36:20+00:00,patch-1x,0.0375 mg/day,unavailable,,https://www.costplusdrugs.com/medications/climara-0_0375mg-24hr-patch-weekly-4/
2026-07-27T15:36:20+00:00,patch-1x,0.05 mg/day,unavailable,,https://www.costplusdrugs.com/medications/climara-0_05mg-24hr-patch-weekly-4/
2026-07-27T15:36:20+00:00,patch-1x,0.06 mg/day,unavailable,,https://www.costplusdrugs.com/medications/climara-0_06mg-24hr-patch-weekly-4/
2026-07-27T15:36:20+00:00,patch-1x,0.075 mg/day,unavailable,,https://www.costplusdrugs.com/medications/climara-0_075mg-24hr-patch-weekly-4/
2026-07-27T15:36:20+00:00,patch-1x,0.1 mg/day,unavailable,,https://www.costplusdrugs.com/medications/climara-0_1mg-24hr-patch-weekly-4/
2026-07-27T15:36:20+00:00,gel,0.25 mg / 0.25 g,unavailable,,https://www.costplusdrugs.com/medications/estradiol-0_25mg-0_25g-gel-packet-divigel/
2026-07-27T15:36:20+00:00,gel,0.5 mg / 0.5 g,unavailable,,https://www.costplusdrugs.com/medications/estradiol-0_5mg-0_5g-gel-packet-divigel/
2026-07-27T15:36:20+00:00,gel,0.75 mg / 0.75 g,unavailable,,https://www.costplusdrugs.com/medications/estradiol-0_75mg-0_75g-gel-packet-divigel/
2026-07-27T15:36:20+00:00,gel,1 mg / 1 g,unavailable,,https://www.costplusdrugs.com/medications/estradiol-1mg-g-gel-packet-divigel/
2026-07-27T15:36:20+00:00,gel,1.25 mg / 1.25 g,unavailable,,https://www.costplusdrugs.com/medications/estradiol-1_25-mg_1_25gm-gel-37_5/
2026-07-27T15:36:20+00:00,omp,100 mg,unavailable,,https://www.costplusdrugs.com/medications/progesterone-100mg-capsule/
2026-07-27T15:36:20+00:00,omp,200 mg,unavailable,,https://www.costplusdrugs.com/medications/progesterone-200mg-capsule/
2026-07-28T04:12:47+00:00,patch-2x,0.025 mg/day,unavailable,$39.18,https://www.costplusdrugs.com/medications/estradioltwiceweekly-0_025mg-patch8pack/
2026-07-28T04:12:47+00:00,patch-2x,0.0375 mg/day,unavailable,,https://www.costplusdrugs.com/medications/estradioltwiceweekly-0_0375mg-patch8pack/
2026-07-28T04:12:47+00:00,patch-2x,0.05 mg/day,unavailable,,https://www.costplusdrugs.com/medications/estradioltwiceweekly-0_05mg-patch8pack/
2026-07-28T04:12:47+00:00,patch-2x,0.075 mg/day,unavailable,,https://www.costplusdrugs.com/medications/estradioltwiceweekly-0_075mg-patch8pack/
2026-07-28T04:12:47+00:00,patch-2x,0.1 mg/day (Dotti),unavailable,,https://www.costplusdrugs.com/medications/dotti-(estradiol-twice-weekly)-0_1-mg_24hr-box-of-8-patches-8/
2026-07-28T04:12:47+00:00,patch-1x,0.025 mg/day,unavailable,,https://www.costplusdrugs.com/medications/climara-0_025mg-24hr-patch-weekly-4/
2026-07-28T04:12:47+00:00,patch-1x,0.0375 mg/day,unavailable,,https://www.costplusdrugs.com/medications/climara-0_0375mg-24hr-patch-weekly-4/
2026-07-28T04:12:47+00:00,patch-1x,0.05 mg/day,unavailable,,https://www.costplusdrugs.com/medications/climara-0_05mg-24hr-patch-weekly-4/
2026-07-28T04:12:47+00:00,patch-1x,0.06 mg/day,unavailable,,https://www.costplusdrugs.com/medications/climara-0_06mg-24hr-patch-weekly-4/
2026-07-28T04:12:47+00:00,patch-1x,0.075 mg/day,unavailable,,https://www.costplusdrugs.com/medications/climara-0_075mg-24hr-patch-weekly-4/
2026-07-28T04:12:47+00:00,patch-1x,0.1 mg/day,unavailable,,https://www.costplusdrugs.com/medications/climara-0_1mg-24hr-patch-weekly-4/
2026-07-28T04:12:47+00:00,gel,0.25 mg / 0.25 g,unavailable,,https://www.costplusdrugs.com/medications/estradiol-0_25mg-0_25g-gel-packet-divigel/
2026-07-28T04:12:47+00:00,gel,0.5 mg / 0.5 g,unavailable,,https://www.costplusdrugs.com/medications/estradiol-0_5mg-0_5g-gel-packet-divigel/
2026-07-28T04:12:47+00:00,gel,0.75 mg / 0.75 g,unavailable,,https://www.costplusdrugs.com/medications/estradiol-0_75mg-0_75g-gel-packet-divigel/
2026-07-28T04:12:47+00:00,gel,1 mg / 1 g,unavailable,,https://www.costplusdrugs.com/medications/estradiol-1mg-g-gel-packet-divigel/
2026-07-28T04:12:47+00:00,gel,1.25 mg / 1.25 g,unavailable,,https://www.costplusdrugs.com/medications/estradiol-1_25-mg_1_25gm-gel-37_5/
2026-07-28T04:12:47+00:00,omp,100 mg,unavailable,,https://www.costplusdrugs.com/medications/progesterone-100mg-capsule/
2026-07-28T04:12:47+00:00,omp,200 mg,unavailable,,https://www.costplusdrugs.com/medications/progesterone-200mg-capsule/
2026-07-28T15:11:09+00:00,patch-2x,0.025 mg/day,unavailable,$39.18,https://www.costplusdrugs.com/medications/estradioltwiceweekly-0_025mg-patch8pack/
2026-07-28T15:11:09+00:00,patch-2x,0.0375 mg/day,unavailable,,https://www.costplusdrugs.com/medications/estradioltwiceweekly-0_0375mg-patch8pack/
2026-07-28T15:11:09+00:00,patch-2x,0.05 mg/day,unavailable,,https://www.costplusdrugs.com/medications/estradioltwiceweekly-0_05mg-patch8pack/
2026-07-28T15:11:09+00:00,patch-2x,0.075 mg/day,unavailable,,https://www.costplusdrugs.com/medications/estradioltwiceweekly-0_075mg-patch8pack/
2026-07-28T15:11:09+00:00,patch-2x,0.1 mg/day (Dotti),unavailable,,https://www.costplusdrugs.com/medications/dotti-(estradiol-twice-weekly)-0_1-mg_24hr-box-of-8-patches-8/
2026-07-28T15:11:09+00:00,patch-1x,0.025 mg/day,unavailable,,https://www.costplusdrugs.com/medications/climara-0_025mg-24hr-patch-weekly-4/
2026-07-28T15:11:09+00:00,patch-1x,0.0375 mg/day,unavailable,,https://www.costplusdrugs.com/medications/climara-0_0375mg-24hr-patch-weekly-4/
2026-07-28T15:11:09+00:00,patch-1x,0.05 mg/day,unavailable,,https://www.costplusdrugs.com/medications/climara-0_05mg-24hr-patch-weekly-4/
2026-07-28T15:11:09+00:00,patch-1x,0.06 mg/day,unavailable,,https://www.costplusdrugs.com/medications/climara-0_06mg-24hr-patch-weekly-4/
2026-07-28T15:11:09+00:00,patch-1x,0.075 mg/day,unavailable,,https://www.costplusdrugs.com/medications/climara-0_075mg-24hr-patch-weekly-4/
2026-07-28T15:11:09+00:00,patch-1x,0.1 mg/day,unavailable,,https://www.costplusdrugs.com/medications/climara-0_1mg-24hr-patch-weekly-4/
2026-07-28T15:11:09+00:00,gel,0.25 mg / 0.25 g,unavailable,,https://www.costplusdrugs.com/medications/estradiol-0_25mg-0_25g-gel-packet-divigel/
2026-07-28T15:11:09+00:00,gel,0.5 mg / 0.5 g,unavailable,,https://www.costplusdrugs.com/medications/estradiol-0_5mg-0_5g-gel-packet-divigel/
2026-07-28T15:11:09+00:00,gel,0.75 mg / 0.75 g,unavailable,,https://www.costplusdrugs.com/medications/estradiol-0_75mg-0_75g-gel-packet-divigel/
2026-07-28T15:11:09+00:00,gel,1 mg / 1 g,unavailable,,https://www.costplusdrugs.com/medications/estradiol-1mg-g-gel-packet-divigel/
2026-07-28T15:11:09+00:00,gel,1.25 mg / 1.25 g,unavailable,,https://www.costplusdrugs.com/medications/estradiol-1_25-mg_1_25gm-gel-37_5/
2026-07-28T15:11:09+00:00,omp,100 mg,unavailable,,https://www.costplusdrugs.com/medications/progesterone-100mg-capsule/
2026-07-28T15:11:09+00:00,omp,200 mg,unavailable,,https://www.costplusdrugs.com/medications/progesterone-200mg-capsule/
2026-07-29T04:14:11+00:00,patch-2x,0.025 mg/day,unavailable,$39.18,https://www.costplusdrugs.com/medications/estradioltwiceweekly-0_025mg-patch8pack/
2026-07-29T04:14:11+00:00,patch-2x,0.0375 mg/day,unavailable,,https://www.costplusdrugs.com/medications/estradioltwiceweekly-0_0375mg-patch8pack/
2026-07-29T04:14:11+00:00,patch-2x,0.05 mg/day,unavailable,,https://www.costplusdrugs.com/medications/estradioltwiceweekly-0_05mg-patch8pack/
2026-07-29T04:14:11+00:00,patch-2x,0.075 mg/day,unavailable,,https://www.costplusdrugs.com/medications/estradioltwiceweekly-0_075mg-patch8pack/
2026-07-29T04:14:11+00:00,patch-2x,0.1 mg/day (Dotti),unavailable,,https://www.costplusdrugs.com/medications/dotti-(estradiol-twice-weekly)-0_1-mg_24hr-box-of-8-patches-8/
2026-07-29T04:14:11+00:00,patch-1x,0.025 mg/day,unavailable,,https://www.costplusdrugs.com/medications/climara-0_025mg-24hr-patch-weekly-4/
2026-07-29T04:14:11+00:00,patch-1x,0.0375 mg/day,unavailable,,https://www.costplusdrugs.com/medications/climara-0_0375mg-24hr-patch-weekly-4/
2026-07-29T04:14:11+00:00,patch-1x,0.05 mg/day,unavailable,,https://www.costplusdrugs.com/medications/climara-0_05mg-24hr-patch-weekly-4/
2026-07-29T04:14:11+00:00,patch-1x,0.06 mg/day,unavailable,,https://www.costplusdrugs.com/medications/climara-0_06mg-24hr-patch-weekly-4/
2026-07-29T04:14:11+00:00,patch-1x,0.075 mg/day,unavailable,,https://www.costplusdrugs.com/medications/climara-0_075mg-24hr-patch-weekly-4/
2026-07-29T04:14:11+00:00,patch-1x,0.1 mg/day,unavailable,,https://www.costplusdrugs.com/medications/climara-0_1mg-24hr-patch-weekly-4/
2026-07-29T04:14:11+00:00,gel,0.25 mg / 0.25 g,unavailable,,https://www.costplusdrugs.com/medications/estradiol-0_25mg-0_25g-gel-packet-divigel/
2026-07-29T04:14:11+00:00,gel,0.5 mg / 0.5 g,unavailable,,https://www.costplusdrugs.com/medications/estradiol-0_5mg-0_5g-gel-packet-divigel/
2026-07-29T04:14:11+00:00,gel,0.75 mg / 0.75 g,unavailable,,https://www.costplusdrugs.com/medications/estradiol-0_75mg-0_75g-gel-packet-divigel/
2026-07-29T04:14:11+00:00,gel,1 mg / 1 g,unavailable,,https://www.costplusdrugs.com/medications/estradiol-1mg-g-gel-packet-divigel/
2026-07-29T04:14:11+00:00,gel,1.25 mg / 1.25 g,unavailable,,https://www.costplusdrugs.com/medications/estradiol-1_25-mg_1_25gm-gel-37_5/
2026-07-29T04:14:11+00:00,omp,100 mg,unavailable,,https://www.costplusdrugs.com/medications/progesterone-100mg-capsule/
2026-07-29T04:14:11+00:00,omp,200 mg,unavailable,,https://www.costplusdrugs.com/medications/progesterone-200mg-capsule/
2026-07-29T15:13:27+00:00,patch-2x,0.025 mg/day,unavailable,$39.18,https://www.costplusdrugs.com/medications/estradioltwiceweekly-0_025mg-patch8pack/
2026-07-29T15:13:27+00:00,patch-2x,0.0375 mg/day,unavailable,,https://www.costplusdrugs.com/medications/estradioltwiceweekly-0_0375mg-patch8pack/
2026-07-29T15:13:27+00:00,patch-2x,0.05 mg/day,unavailable,,https://www.costplusdrugs.com/medications/estradioltwiceweekly-0_05mg-patch8pack/
2026-07-29T15:13:27+00:00,patch-2x,0.075 mg/day,unavailable,,https://www.costplusdrugs.com/medications/estradioltwiceweekly-0_075mg-patch8pack/
2026-07-29T15:13:27+00:00,patch-2x,0.1 mg/day (Dotti),unavailable,,https://www.costplusdrugs.com/medications/dotti-(estradiol-twice-weekly)-0_1-mg_24hr-box-of-8-patches-8/
2026-07-29T15:13:27+00:00,patch-1x,0.025 mg/day,unavailable,,https://www.costplusdrugs.com/medications/climara-0_025mg-24hr-patch-weekly-4/
2026-07-29T15:13:27+00:00,patch-1x,0.0375 mg/day,unavailable,,https://www.costplusdrugs.com/medications/climara-0_0375mg-24hr-patch-weekly-4/
2026-07-29T15:13:27+00:00,patch-1x,0.05 mg/day,unavailable,,https://www.costplusdrugs.com/medications/climara-0_05mg-24hr-patch-weekly-4/
2026-07-29T15:13:27+00:00,patch-1x,0.06 mg/day,unavailable,,https://www.costplusdrugs.com/medications/climara-0_06mg-24hr-patch-weekly-4/
2026-07-29T15:13:27+00:00,patch-1x,0.075 mg/day,unavailable,,https://www.costplusdrugs.com/medications/climara-0_075mg-24hr-patch-weekly-4/
2026-07-29T15:13:27+00:00,patch-1x,0.1 mg/day,unavailable,,https://www.costplusdrugs.com/medications/climara-0_1mg-24hr-patch-weekly-4/
2026-07-29T15:13:27+00:00,gel,0.25 mg / 0.25 g,unavailable,,https://www.costplusdrugs.com/medications/estradiol-0_25mg-0_25g-gel-packet-divigel/
2026-07-29T15:13:27+00:00,gel,0.5 mg / 0.5 g,unavailable,,https://www.costplusdrugs.com/medications/estradiol-0_5mg-0_5g-gel-packet-divigel/
2026-07-29T15:13:27+00:00,gel,0.75 mg / 0.75 g,unavailable,,https://www.costplusdrugs.com/medications/estradiol-0_75mg-0_75g-gel-packet-divigel/
2026-07-29T15:13:27+00:00,gel,1 mg / 1 g,unavailable,,https://www.costplusdrugs.com/medications/estradiol-1mg-g-gel-packet-divigel/
2026-07-29T15:13:27+00:00,gel,1.25 mg / 1.25 g,unavailable,,https://www.costplusdrugs.com/medications/estradiol-1_25-mg_1_25gm-gel-37_5/
2026-07-29T15:13:27+00:00,omp,100 mg,unavailable,,https://www.costplusdrugs.com/medications/progesterone-100mg-capsule/
2026-07-29T15:13:27+00:00,omp,200 mg,unavailable,,https://www.costplusdrugs.com/medications/progesterone-200mg-capsule/
2026-07-30T04:06:48+00:00,patch-2x,0.025 mg/day,unavailable,$39.18,https://www.costplusdrugs.com/medications/estradioltwiceweekly-0_025mg-patch8pack/
2026-07-30T04:06:48+00:00,patch-2x,0.0375 mg/day,unavailable,,https://www.costplusdrugs.com/medications/estradioltwiceweekly-0_0375mg-patch8pack/
2026-07-30T04:06:48+00:00,patch-2x,0.05 mg/day,unavailable,,https://www.costplusdrugs.com/medications/estradioltwiceweekly-0_05mg-patch8pack/
2026-07-30T04:06:48+00:00,patch-2x,0.075 mg/day,unavailable,,https://www.costplusdrugs.com/medications/estradioltwiceweekly-0_075mg-patch8pack/
2026-07-30T04:06:48+00:00,patch-2x,0.1 mg/day (Dotti),unavailable,,https://www.costplusdrugs.com/medications/dotti-(estradiol-twice-weekly)-0_1-mg_24hr-box-of-8-patches-8/
2026-07-30T04:06:48+00:00,patch-1x,0.025 mg/day,unavailable,,https://www.costplusdrugs.com/medications/climara-0_025mg-24hr-patch-weekly-4/
2026-07-30T04:06:48+00:00,patch-1x,0.0375 mg/day,unavailable,,https://www.costplusdrugs.com/medications/climara-0_0375mg-24hr-patch-weekly-4/
2026-07-30T04:06:48+00:00,patch-1x,0.05 mg/day,unavailable,,https://www.costplusdrugs.com/medications/climara-0_05mg-24hr-patch-weekly-4/
2026-07-30T04:06:48+00:00,patch-1x,0.06 mg/day,unavailable,,https://www.costplusdrugs.com/medications/climara-0_06mg-24hr-patch-weekly-4/
2026-07-30T04:06:48+00:00,patch-1x,0.075 mg/day,unavailable,,https://www.costplusdrugs.com/medications/climara-0_075mg-24hr-patch-weekly-4/
2026-07-30T04:06:48+00:00,patch-1x,0.1 mg/day,unavailable,,https://www.costplusdrugs.com/medications/climara-0_1mg-24hr-patch-weekly-4/
2026-07-30T04:06:48+00:00,gel,0.25 mg / 0.25 g,unavailable,,https://www.costplusdrugs.com/medications/estradiol-0_25mg-0_25g-gel-packet-divigel/
2026-07-30T04:06:48+00:00,gel,0.5 mg / 0.5 g,unavailable,,https://www.costplusdrugs.com/medications/estradiol-0_5mg-0_5g-gel-packet-divigel/
2026-07-30T04:06:48+00:00,gel,0.75 mg / 0.75 g,unavailable,,https://www.costplusdrugs.com/medications/estradiol-0_75mg-0_75g-gel-packet-divigel/
2026-07-30T04:06:48+00:00,gel,1 mg / 1 g,unavailable,,https://www.costplusdrugs.com/medications/estradiol-1mg-g-gel-packet-divigel/
2026-07-30T04:06:48+00:00,gel,1.25 mg / 1.25 g,unavailable,,https://www.costplusdrugs.com/medications/estradiol-1_25-mg_1_25gm-gel-37_5/
2026-07-30T04:06:48+00:00,omp,100 mg,unavailable,,https://www.costplusdrugs.com/medications/progesterone-100mg-capsule/
2026-07-30T04:06:48+00:00,omp,200 mg,unavailable,,https://www.costplusdrugs.com/medications/progesterone-200mg-capsule/
2026-07-30T14:59:26+00:00,patch-2x,0.025 mg/day,unavailable,$39.18,https://www.costplusdrugs.com/medications/estradioltwiceweekly-0_025mg-patch8pack/
2026-07-30T14:59:26+00:00,patch-2x,0.0375 mg/day,unavailable,,https://www.costplusdrugs.com/medications/estradioltwiceweekly-0_0375mg-patch8pack/
2026-07-30T14:59:26+00:00,patch-2x,0.05 mg/day,unavailable,,https://www.costplusdrugs.com/medications/estradioltwiceweekly-0_05mg-patch8pack/
2026-07-30T14:59:26+00:00,patch-2x,0.075 mg/day,unavailable,,https://www.costplusdrugs.com/medications/estradioltwiceweekly-0_075mg-patch8pack/
2026-07-30T14:59:26+00:00,patch-2x,0.1 mg/day (Dotti),unavailable,,https://www.costplusdrugs.com/medications/dotti-(estradiol-twice-weekly)-0_1-mg_24hr-box-of-8-patches-8/
2026-07-30T14:59:26+00:00,patch-1x,0.025 mg/day,unavailable,,https://www.costplusdrugs.com/medications/climara-0_025mg-24hr-patch-weekly-4/
2026-07-30T14:59:26+00:00,patch-1x,0.0375 mg/day,unavailable,,https://www.costplusdrugs.com/medications/climara-0_0375mg-24hr-patch-weekly-4/
2026-07-30T14:59:26+00:00,patch-1x,0.05 mg/day,unavailable,,https://www.costplusdrugs.com/medications/climara-0_05mg-24hr-patch-weekly-4/
2026-07-30T14:59:26+00:00,patch-1x,0.06 mg/day,unavailable,,https://www.costplusdrugs.com/medications/climara-0_06mg-24hr-patch-weekly-4/
2026-07-30T14:59:26+00:00,patch-1x,0.075 mg/day,unavailable,,https://www.costplusdrugs.com/medications/climara-0_075mg-24hr-patch-weekly-4/
2026-07-30T14:59:26+00:00,patch-1x,0.1 mg/day,unavailable,,https://www.costplusdrugs.com/medications/climara-0_1mg-24hr-patch-weekly-4/
2026-07-30T14:59:26+00:00,gel,0.25 mg / 0.25 g,unavailable,,https://www.costplusdrugs.com/medications/estradiol-0_25mg-0_25g-gel-packet-divigel/
2026-07-30T14:59:26+00:00,gel,0.5 mg / 0.5 g,unavailable,,https://www.costplusdrugs.com/medications/estradiol-0_5mg-0_5g-gel-packet-divigel/
2026-07-30T14:59:26+00:00,gel,0.75 mg / 0.75 g,unavailable,,https://www.costplusdrugs.com/medications/estradiol-0_75mg-0_75g-gel-packet-divigel/
2026-07-30T14:59:26+00:00,gel,1 mg / 1 g,unavailable,,https://www.costplusdrugs.com/medications/estradiol-1mg-g-gel-packet-divigel/
2026-07-30T14:59:26+00:00,gel,1.25 mg / 1.25 g,unavailable,,https://www.costplusdrugs.com/medications/estradiol-1_25-mg_1_25gm-gel-37_5/
2026-07-30T14:59:26+00:00,omp,100 mg,unavailable,,https://www.costplusdrugs.com/medications/progesterone-100mg-capsule/
2026-07-30T14:59:26+00:00,omp,200 mg,unavailable,,https://www.costplusdrugs.com/medications/progesterone-200mg-capsule/
2026-07-31T04:24:20+00:00,patch-2x,0.025 mg/day,unavailable,$39.18,https://www.costplusdrugs.com/medications/estradioltwiceweekly-0_025mg-patch8pack/
2026-07-31T04:24:20+00:00,patch-2x,0.0375 mg/day,unavailable,,https://www.costplusdrugs.com/medications/estradioltwiceweekly-0_0375mg-patch8pack/
2026-07-31T04:24:20+00:00,patch-2x,0.05 mg/day,unavailable,,https://www.costplusdrugs.com/medications/estradioltwiceweekly-0_05mg-patch8pack/
2026-07-31T04:24:20+00:00,patch-2x,0.075 mg/day,unavailable,,https://www.costplusdrugs.com/medications/estradioltwiceweekly-0_075mg-patch8pack/
2026-07-31T04:24:20+00:00,patch-2x,0.1 mg/day (Dotti),unavailable,,https://www.costplusdrugs.com/medications/dotti-(estradiol-twice-weekly)-0_1-mg_24hr-box-of-8-patches-8/
2026-07-31T04:24:20+00:00,patch-1x,0.025 mg/day,unavailable,,https://www.costplusdrugs.com/medications/climara-0_025mg-24hr-patch-weekly-4/
2026-07-31T04:24:20+00:00,patch-1x,0.0375 mg/day,unavailable,,https://www.costplusdrugs.com/medications/climara-0_0375mg-24hr-patch-weekly-4/
2026-07-31T04:24:20+00:00,patch-1x,0.05 mg/day,unavailable,,https://www.costplusdrugs.com/medications/climara-0_05mg-24hr-patch-weekly-4/
2026-07-31T04:24:20+00:00,patch-1x,0.06 mg/day,unavailable,,https://www.costplusdrugs.com/medications/climara-0_06mg-24hr-patch-weekly-4/
2026-07-31T04:24:20+00:00,patch-1x,0.075 mg/day,unavailable,,https://www.costplusdrugs.com/medications/climara-0_075mg-24hr-patch-weekly-4/
2026-07-31T04:24:20+00:00,patch-1x,0.1 mg/day,unavailable,,https://www.costplusdrugs.com/medications/climara-0_1mg-24hr-patch-weekly-4/
2026-07-31T04:24:20+00:00,gel,0.25 mg / 0.25 g,unavailable,,https://www.costplusdrugs.com/medications/estradiol-0_25mg-0_25g-gel-packet-divigel/
2026-07-31T04:24:20+00:00,gel,0.5 mg / 0.5 g,unavailable,,https://www.costplusdrugs.com/medications/estradiol-0_5mg-0_5g-gel-packet-divigel/
2026-07-31T04:24:20+00:00,gel,0.75 mg / 0.75 g,unavailable,,https://www.costplusdrugs.com/medications/estradiol-0_75mg-0_75g-gel-packet-divigel/
2026-07-31T04:24:20+00:00,gel,1 mg / 1 g,unavailable,,https://www.costplusdrugs.com/medications/estradiol-1mg-g-gel-packet-divigel/
2026-07-31T04:24:20+00:00,gel,1.25 mg / 1.25 g,unavailable,,https://www.costplusdrugs.com/medications/estradiol-1_25-mg_1_25gm-gel-37_5/
2026-07-31T04:24:20+00:00,omp,100 mg,unavailable,,https://www.costplusdrugs.com/medications/progesterone-100mg-capsule/
2026-07-31T04:24:20+00:00,omp,200 mg,unavailable,,https://www.costplusdrugs.com/medications/progesterone-200mg-capsule/
2026-07-31T15:12:07+00:00,patch-2x,0.025 mg/day,unavailable,$39.18,https://www.costplusdrugs.com/medications/estradioltwiceweekly-0_025mg-patch8pack/
2026-07-31T15:12:07+00:00,patch-2x,0.0375 mg/day,unavailable,,https://www.costplusdrugs.com/medications/estradioltwiceweekly-0_0375mg-patch8pack/
2026-07-31T15:12:07+00:00,patch-2x,0.05 mg/day,unavailable,,https://www.costplusdrugs.com/medications/estradioltwiceweekly-0_05mg-patch8pack/
2026-07-31T15:12:07+00:00,patch-2x,0.075 mg/day,unavailable,,https://www.costplusdrugs.com/medications/estradioltwiceweekly-0_075mg-patch8pack/
2026-07-31T15:12:07+00:00,patch-2x,0.1 mg/day (Dotti),unavailable,,https://www.costplusdrugs.com/medications/dotti-(estradiol-twice-weekly)-0_1-mg_24hr-box-of-8-patches-8/
2026-07-31T15:12:07+00:00,patch-1x,0.025 mg/day,unavailable,,https://www.costplusdrugs.com/medications/climara-0_025mg-24hr-patch-weekly-4/
2026-07-31T15:12:07+00:00,patch-1x,0.0375 mg/day,unavailable,,https://www.costplusdrugs.com/medications/climara-0_0375mg-24hr-patch-weekly-4/
2026-07-31T15:12:07+00:00,patch-1x,0.05 mg/day,unavailable,,https://www.costplusdrugs.com/medications/climara-0_05mg-24hr-patch-weekly-4/
2026-07-31T15:12:07+00:00,patch-1x,0.06 mg/day,unavailable,,https://www.costplusdrugs.com/medications/climara-0_06mg-24hr-patch-weekly-4/
2026-07-31T15:12:07+00:00,patch-1x,0.075 mg/day,unavailable,,https://www.costplusdrugs.com/medications/climara-0_075mg-24hr-patch-weekly-4/
2026-07-31T15:12:07+00:00,patch-1x,0.1 mg/day,unavailable,,https://www.costplusdrugs.com/medications/climara-0_1mg-24hr-patch-weekly-4/
2026-07-31T15:12:07+00:00,gel,0.25 mg / 0.25 g,unavailable,,https://www.costplusdrugs.com/medications/estradiol-0_25mg-0_25g-gel-packet-divigel/
2026-07-31T15:12:07+00:00,gel,0.5 mg / 0.5 g,unavailable,,https://www.costplusdrugs.com/medications/estradiol-0_5mg-0_5g-gel-packet-divigel/
2026-07-31T15:12:07+00:00,gel,0.75 mg / 0.75 g,unavailable,,https://www.costplusdrugs.com/medications/estradiol-0_75mg-0_75g-gel-packet-divigel/
2026-07-31T15:12:07+00:00,gel,1 mg / 1 g,unavailable,,https://www.costplusdrugs.com/medications/estradiol-1mg-g-gel-packet-divigel/
2026-07-31T15:12:07+00:00,gel,1.25 mg / 1.25 g,unavailable,,https://www.costplusdrugs.com/medications/estradiol-1_25-mg_1_25gm-gel-37_5/
2026-07-31T15:12:07+00:00,omp,100 mg,unavailable,,https://www.costplusdrugs.com/medications/progesterone-100mg-capsule/
2026-07-31T15:12:07+00:00,omp,200 mg,unavailable,,https://www.costplusdrugs.com/medications/progesterone-200mg-capsule/
2026-08-01T04:22:34+00:00,patch-2x,0.025 mg/day,unavailable,$39.18,https://www.costplusdrugs.com/medications/estradioltwiceweekly-0_025mg-patch8pack/
2026-08-01T04:22:34+00:00,patch-2x,0.0375 mg/day,unavailable,,https://www.costplusdrugs.com/medications/estradioltwiceweekly-0_0375mg-patch8pack/
2026-08-01T04:22:34+00:00,patch-2x,0.05 mg/day,unavailable,,https://www.costplusdrugs.com/medications/estradioltwiceweekly-0_05mg-patch8pack/
2026-08-01T04:22:34+00:00,patch-2x,0.075 mg/day,unavailable,,https://www.costplusdrugs.com/medications/estradioltwiceweekly-0_075mg-patch8pack/
2026-08-01T04:22:34+00:00,patch-2x,0.1 mg/day (Dotti),unavailable,,https://www.costplusdrugs.com/medications/dotti-(estradiol-twice-weekly)-0_1-mg_24hr-box-of-8-patches-8/
2026-08-01T04:22:34+00:00,patch-1x,0.025 mg/day,unavailable,,https://www.costplusdrugs.com/medications/climara-0_025mg-24hr-patch-weekly-4/
2026-08-01T04:22:34+00:00,patch-1x,0.0375 mg/day,unavailable,,https://www.costplusdrugs.com/medications/climara-0_0375mg-24hr-patch-weekly-4/
2026-08-01T04:22:34+00:00,patch-1x,0.05 mg/day,unavailable,,https://www.costplusdrugs.com/medications/climara-0_05mg-24hr-patch-weekly-4/
2026-08-01T04:22:34+00:00,patch-1x,0.06 mg/day,unavailable,,https://www.costplusdrugs.com/medications/climara-0_06mg-24hr-patch-weekly-4/
2026-08-01T04:22:34+00:00,patch-1x,0.075 mg/day,unavailable,,https://www.costplusdrugs.com/medications/climara-0_075mg-24hr-patch-weekly-4/
2026-08-01T04:22:34+00:00,patch-1x,0.1 mg/day,unavailable,,https://www.costplusdrugs.com/medications/climara-0_1mg-24hr-patch-weekly-4/
2026-08-01T04:22:34+00:00,gel,0.25 mg / 0.25 g,unavailable,,https://www.costplusdrugs.com/medications/estradiol-0_25mg-0_25g-gel-packet-divigel/
2026-08-01T04:22:34+00:00,gel,0.5 mg / 0.5 g,unavailable,,https://www.costplusdrugs.com/medications/estradiol-0_5mg-0_5g-gel-packet-divigel/
2026-08-01T04:22:34+00:00,gel,0.75 mg / 0.75 g,unavailable,,https://www.costplusdrugs.com/medications/estradiol-0_75mg-0_75g-gel-packet-divigel/
2026-08-01T04:22:34+00:00,gel,1 mg / 1 g,unavailable,,https://www.costplusdrugs.com/medications/estradiol-1mg-g-gel-packet-divigel/
2026-08-01T04:22:34+00:00,gel,1.25 mg / 1.25 g,unavailable,,https://www.costplusdrugs.com/medications/estradiol-1_25-mg_1_25gm-gel-37_5/
2026-08-01T04:22:34+00:00,omp,100 mg,unavailable,,https://www.costplusdrugs.com/medications/progesterone-100mg-capsule/
2026-08-01T04:22:34+00:00,omp,200 mg,unavailable,,https://www.costplusdrugs.com/medications/progesterone-200mg-capsule/
2026-08-01T14:19:48+00:00,patch-2x,0.025 mg/day,unavailable,$39.18,https://www.costplusdrugs.com/medications/estradioltwiceweekly-0_025mg-patch8pack/
2026-08-01T14:19:48+00:00,patch-2x,0.0375 mg/day,unavailable,,https://www.costplusdrugs.com/medications/estradioltwiceweekly-0_0375mg-patch8pack/
2026-08-01T14:19:48+00:00,patch-2x,0.05 mg/day,unavailable,,https://www.costplusdrugs.com/medications/estradioltwiceweekly-0_05mg-patch8pack/
2026-08-01T14:19:48+00:00,patch-2x,0.075 mg/day,unavailable,,https://www.costplusdrugs.com/medications/estradioltwiceweekly-0_075mg-patch8pack/
2026-08-01T14:19:48+00:00,patch-2x,0.1 mg/day (Dotti),unavailable,,https://www.costplusdrugs.com/medications/dotti-(estradiol-twice-weekly)-0_1-mg_24hr-box-of-8-patches-8/
2026-08-01T14:19:48+00:00,patch-1x,0.025 mg/day,unavailable,,https://www.costplusdrugs.com/medications/climara-0_025mg-24hr-patch-weekly-4/
2026-08-01T14:19:48+00:00,patch-1x,0.0375 mg/day,unavailable,,https://www.costplusdrugs.com/medications/climara-0_0375mg-24hr-patch-weekly-4/
2026-08-01T14:19:48+00:00,patch-1x,0.05 mg/day,unavailable,,https://www.costplusdrugs.com/medications/climara-0_05mg-24hr-patch-weekly-4/
2026-08-01T14:19:48+00:00,patch-1x,0.06 mg/day,unavailable,,https://www.costplusdrugs.com/medications/climara-0_06mg-24hr-patch-weekly-4/
2026-08-01T14:19:48+00:00,patch-1x,0.075 mg/day,unavailable,,https://www.costplusdrugs.com/medications/climara-0_075mg-24hr-patch-weekly-4/
2026-08-01T14:19:48+00:00,patch-1x,0.1 mg/day,unavailable,,https://www.costplusdrugs.com/medications/climara-0_1mg-24hr-patch-weekly-4/
2026-08-01T14:19:48+00:00,gel,0.25 mg / 0.25 g,unavailable,,https://www.costplusdrugs.com/medications/estradiol-0_25mg-0_25g-gel-packet-divigel/
2026-08-01T14:19:48+00:00,gel,0.5 mg / 0.5 g,unavailable,,https://www.costplusdrugs.com/medications/estradiol-0_5mg-0_5g-gel-packet-divigel/
2026-08-01T14:19:48+00:00,gel,0.75 mg / 0.75 g,unavailable,,https://www.costplusdrugs.com/medications/estradiol-0_75mg-0_75g-gel-packet-divigel/
2026-08-01T14:19:48+00:00,gel,1 mg / 1 g,unavailable,,https://www.costplusdrugs.com/medications/estradiol-1mg-g-gel-packet-divigel/
2026-08-01T14:19:48+00:00,gel,1.25 mg / 1.25 g,unavailable,,https://www.costplusdrugs.com/medications/estradiol-1_25-mg_1_25gm-gel-37_5/
2026-08-01T14:19:48+00:00,omp,100 mg,unavailable,,https://www.costplusdrugs.com/medications/progesterone-100mg-capsule/
2026-08-01T14:19:48+00:00,omp,200 mg,unavailable,,https://www.costplusdrugs.com/medications/progesterone-200mg-capsule/
2026-08-02T04:24:54+00:00,patch-2x,0.025 mg/day,unavailable,$39.18,https://www.costplusdrugs.com/medications/estradioltwiceweekly-0_025mg-patch8pack/
2026-08-02T04:24:54+00:00,patch-2x,0.0375 mg/day,unavailable,,https://www.costplusdrugs.com/medications/estradioltwiceweekly-0_0375mg-patch8pack/
2026-08-02T04:24:54+00:00,patch-2x,0.05 mg/day,unavailable,,https://www.costplusdrugs.com/medications/estradioltwiceweekly-0_05mg-patch8pack/
2026-08-02T04:24:54+00:00,patch-2x,0.075 mg/day,unavailable,,https://www.costplusdrugs.com/medications/estradioltwiceweekly-0_075mg-patch8pack/
2026-08-02T04:24:54+00:00,patch-2x,0.1 mg/day (Dotti),unavailable,,https://www.costplusdrugs.com/medications/dotti-(estradiol-twice-weekly)-0_1-mg_24hr-box-of-8-patches-8/
2026-08-02T04:24:54+00:00,patch-1x,0.025 mg/day,unavailable,,https://www.costplusdrugs.com/medications/climara-0_025mg-24hr-patch-weekly-4/
2026-08-02T04:24:54+00:00,patch-1x,0.0375 mg/day,unavailable,,https://www.costplusdrugs.com/medications/climara-0_0375mg-24hr-patch-weekly-4/
2026-08-02T04:24:54+00:00,patch-1x,0.05 mg/day,unavailable,,https://www.costplusdrugs.com/medications/climara-0_05mg-24hr-patch-weekly-4/
2026-08-02T04:24:54+00:00,patch-1x,0.06 mg/day,unavailable,,https://www.costplusdrugs.com/medications/climara-0_06mg-24hr-patch-weekly-4/
2026-08-02T04:24:54+00:00,patch-1x,0.075 mg/day,unavailable,,https://www.costplusdrugs.com/medications/climara-0_075mg-24hr-patch-weekly-4/
2026-08-02T04:24:54+00:00,patch-1x,0.1 mg/day,unavailable,,https://www.costplusdrugs.com/medications/climara-0_1mg-24hr-patch-weekly-4/
2026-08-02T04:24:54+00:00,gel,0.25 mg / 0.25 g,unavailable,,https://www.costplusdrugs.com/medications/estradiol-0_25mg-0_25g-gel-packet-divigel/
2026-08-02T04:24:54+00:00,gel,0.5 mg / 0.5 g,unavailable,,https://www.costplusdrugs.com/medications/estradiol-0_5mg-0_5g-gel-packet-divigel/
2026-08-02T04:24:54+00:00,gel,0.75 mg / 0.75 g,unavailable,,https://www.costplusdrugs.com/medications/estradiol-0_75mg-0_75g-gel-packet-divigel/
2026-08-02T04:24:54+00:00,gel,1 mg / 1 g,unavailable,,https://www.costplusdrugs.com/medications/estradiol-1mg-g-gel-packet-divigel/
2026-08-02T04:24:54+00:00,gel,1.25 mg / 1.25 g,unavailable,,https://www.costplusdrugs.com/medications/estradiol-1_25-mg_1_25gm-gel-37_5/
2026-08-02T04:24:54+00:00,omp,100 mg,unavailable,,https://www.costplusdrugs.com/medications/progesterone-100mg-capsule/
2026-08-02T04:24:54+00:00,omp,200 mg,unavailable,,https://www.costplusdrugs.com/medications/progesterone-200mg-capsule/
2026-08-02T14:21:31+00:00,patch-2x,0.025 mg/day,unavailable,$39.18,https://www.costplusdrugs.com/medications/estradioltwiceweekly-0_025mg-patch8pack/
2026-08-02T14:21:31+00:00,patch-2x,0.0375 mg/day,unavailable,,https://www.costplusdrugs.com/medications/estradioltwiceweekly-0_0375mg-patch8pack/
2026-08-02T14:21:31+00:00,patch-2x,0.05 mg/day,unavailable,,https://www.costplusdrugs.com/medications/estradioltwiceweekly-0_05mg-patch8pack/
2026-08-02T14:21:31+00:00,patch-2x,0.075 mg/day,unavailable,,https://www.costplusdrugs.com/medications/estradioltwiceweekly-0_075mg-patch8pack/
2026-08-02T14:21:31+00:00,patch-2x,0.1 mg/day (Dotti),unavailable,,https://www.costplusdrugs.com/medications/dotti-(estradiol-twice-weekly)-0_1-mg_24hr-box-of-8-patches-8/
2026-08-02T14:21:31+00:00,patch-1x,0.025 mg/day,unavailable,,https://www.costplusdrugs.com/medications/climara-0_025mg-24hr-patch-weekly-4/
2026-08-02T14:21:31+00:00,patch-1x,0.0375 mg/day,unavailable,,https://www.costplusdrugs.com/medications/climara-0_0375mg-24hr-patch-weekly-4/
2026-08-02T14:21:31+00:00,patch-1x,0.05 mg/day,unavailable,,https://www.costplusdrugs.com/medications/climara-0_05mg-24hr-patch-weekly-4/
2026-08-02T14:21:31+00:00,patch-1x,0.06 mg/day,unavailable,,https://www.costplusdrugs.com/medications/climara-0_06mg-24hr-patch-weekly-4/
2026-08-02T14:21:31+00:00,patch-1x,0.075 mg/day,unavailable,,https://www.costplusdrugs.com/medications/climara-0_075mg-24hr-patch-weekly-4/
2026-08-02T14:21:31+00:00,patch-1x,0.1 mg/day,unavailable,,https://www.costplusdrugs.com/medications/climara-0_1mg-24hr-patch-weekly-4/
2026-08-02T14:21:31+00:00,gel,0.25 mg / 0.25 g,unavailable,,https://www.costplusdrugs.com/medications/estradiol-0_25mg-0_25g-gel-packet-divigel/
2026-08-02T14:21:31+00:00,gel,0.5 mg / 0.5 g,unavailable,,https://www.costplusdrugs.com/medications/estradiol-0_5mg-0_5g-gel-packet-divigel/
2026-08-02T14:21:31+00:00,gel,0.75 mg / 0.75 g,unavailable,,https://www.costplusdrugs.com/medications/estradiol-0_75mg-0_75g-gel-packet-divigel/
2026-08-02T14:21:31+00:00,gel,1 mg / 1 g,unavailable,,https://www.costplusdrugs.com/medications/estradiol-1mg-g-gel-packet-divigel/
2026-08-02T14:21:31+00:00,gel,1.25 mg / 1.25 g,unavailable,,https://www.costplusdrugs.com/medications/estradiol-1_25-mg_1_25gm-gel-37_5/
2026-08-02T14:21:31+00:00,omp,100 mg,unavailable,,https://www.costplusdrugs.com/medications/progesterone-100mg-capsule/
2026-08-02T14:21:31+00:00,omp,200 mg,unavailable,,https://www.costplusdrugs.com/medications/progesterone-200mg-capsule/
2026-08-03T04:31:57+00:00,patch-2x,0.025 mg/day,unavailable,$39.18,https://www.costplusdrugs.com/medications/estradioltwiceweekly-0_025mg-patch8pack/
2026-08-03T04:31:57+00:00,patch-2x,0.0375 mg/day,unavailable,,https://www.costplusdrugs.com/medications/estradioltwiceweekly-0_0375mg-patch8pack/
2026-08-03T04:31:57+00:00,patch-2x,0.05 mg/day,unavailable,,https://www.costplusdrugs.com/medications/estradioltwiceweekly-0_05mg-patch8pack/
2026-08-03T04:31:57+00:00,patch-2x,0.075 mg/day,unavailable,,https://www.costplusdrugs.com/medications/estradioltwiceweekly-0_075mg-patch8pack/
2026-08-03T04:31:57+00:00,patch-2x,0.1 mg/day (Dotti),unavailable,,https://www.costplusdrugs.com/medications/dotti-(estradiol-twice-weekly)-0_1-mg_24hr-box-of-8-patches-8/
2026-08-03T04:31:57+00:00,patch-1x,0.025 mg/day,unavailable,,https://www.costplusdrugs.com/medications/climara-0_025mg-24hr-patch-weekly-4/
2026-08-03T04:31:57+00:00,patch-1x,0.0375 mg/day,unavailable,,https://www.costplusdrugs.com/medications/climara-0_0375mg-24hr-patch-weekly-4/
2026-08-03T04:31:57+00:00,patch-1x,0.05 mg/day,unavailable,,https://www.costplusdrugs.com/medications/climara-0_05mg-24hr-patch-weekly-4/
2026-08-03T04:31:57+00:00,patch-1x,0.06 mg/day,unavailable,,https://www.costplusdrugs.com/medications/climara-0_06mg-24hr-patch-weekly-4/
2026-08-03T04:31:57+00:00,patch-1x,0.075 mg/day,unavailable,,https://www.costplusdrugs.com/medications/climara-0_075mg-24hr-patch-weekly-4/
2026-08-03T04:31:57+00:00,patch-1x,0.1 mg/day,unavailable,,https://www.costplusdrugs.com/medications/climara-0_1mg-24hr-patch-weekly-4/
2026-08-03T04:31:57+00:00,gel,0.25 mg / 0.25 g,unavailable,,https://www.costplusdrugs.com/medications/estradiol-0_25mg-0_25g-gel-packet-divigel/
2026-08-03T04:31:57+00:00,gel,0.5 mg / 0.5 g,unavailable,,https://www.costplusdrugs.com/medications/estradiol-0_5mg-0_5g-gel-packet-divigel/
2026-08-03T04:31:57+00:00,gel,0.75 mg / 0.75 g,unavailable,,https://www.costplusdrugs.com/medications/estradiol-0_75mg-0_75g-gel-packet-divigel/
2026-08-03T04:31:57+00:00,gel,1 mg / 1 g,unavailable,,https://www.costplusdrugs.com/medications/estradiol-1mg-g-gel-packet-divigel/
2026-08-03T04:31:57+00:00,gel,1.25 mg / 1.25 g,unavailable,,https://www.costplusdrugs.com/medications/estradiol-1_25-mg_1_25gm-gel-37_5/
2026-08-03T04:31:57+00:00,omp,100 mg,unavailable,,https://www.costplusdrugs.com/medications/progesterone-100mg-capsule/
2026-08-03T04:31:57+00:00,omp,200 mg,unavailable,,https://www.costplusdrugs.com/medications/progesterone-200mg-capsule/
2026-08-03T15:35:50+00:00,patch-2x,0.025 mg/day,unavailable,$39.18,https://www.costplusdrugs.com/medications/estradioltwiceweekly-0_025mg-patch8pack/
2026-08-03T15:35:50+00:00,patch-2x,0.0375 mg/day,unavailable,,https://www.costplusdrugs.com/medications/estradioltwiceweekly-0_0375mg-patch8pack/
2026-08-03T15:35:50+00:00,patch-2x,0.05 mg/day,unavailable,,https://www.costplusdrugs.com/medications/estradioltwiceweekly-0_05mg-patch8pack/
2026-08-03T15:35:50+00:00,patch-2x,0.075 mg/day,unavailable,,https://www.costplusdrugs.com/medications/estradioltwiceweekly-0_075mg-patch8pack/
2026-08-03T15:35:50+00:00,patch-2x,0.1 mg/day (Dotti),unavailable,,https://www.costplusdrugs.com/medications/dotti-(estradiol-twice-weekly)-0_1-mg_24hr-box-of-8-patches-8/
2026-08-03T15:35:50+00:00,patch-1x,0.025 mg/day,unavailable,,https://www.costplusdrugs.com/medications/climara-0_025mg-24hr-patch-weekly-4/
2026-08-03T15:35:50+00:00,patch-1x,0.0375 mg/day,unavailable,,https://www.costplusdrugs.com/medications/climara-0_0375mg-24hr-patch-weekly-4/
2026-08-03T15:35:50+00:00,patch-1x,0.05 mg/day,unavailable,,https://www.costplusdrugs.com/medications/climara-0_05mg-24hr-patch-weekly-4/
2026-08-03T15:35:50+00:00,patch-1x,0.06 mg/day,unavailable,,https://www.costplusdrugs.com/medications/climara-0_06mg-24hr-patch-weekly-4/
2026-08-03T15:35:50+00:00,patch-1x,0.075 mg/day,unavailable,,https://www.costplusdrugs.com/medications/climara-0_075mg-24hr-patch-weekly-4/
2026-08-03T15:35:50+00:00,patch-1x,0.1 mg/day,unavailable,,https://www.costplusdrugs.com/medications/climara-0_1mg-24hr-patch-weekly-4/
2026-08-03T15:35:50+00:00,gel,0.25 mg / 0.25 g,unavailable,,https://www.costplusdrugs.com/medications/estradiol-0_25mg-0_25g-gel-packet-divigel/
2026-08-03T15:35:50+00:00,gel,0.5 mg / 0.5 g,unavailable,,https://www.costplusdrugs.com/medications/estradiol-0_5mg-0_5g-gel-packet-divigel/
2026-08-03T15:35:50+00:00,gel,0.75 mg / 0.75 g,unavailable,,https://www.costplusdrugs.com/medications/estradiol-0_75mg-0_75g-gel-packet-divigel/
2026-08-03T15:35:50+00:00,gel,1 mg / 1 g,unavailable,,https://www.costplusdrugs.com/medications/estradiol-1mg-g-gel-packet-divigel/
2026-08-03T15:35:50+00:00,gel,1.25 mg / 1.25 g,unavailable,,https://www.costplusdrugs.com/medications/estradiol-1_25-mg_1_25gm-gel-37_5/
2026-08-03T15:35:50+00:00,omp,100 mg,unavailable,,https://www.costplusdrugs.com/medications/progesterone-100mg-capsule/
2026-08-03T15:35:50+00:00,omp,200 mg,unavailable,,https://www.costplusdrugs.com/medications/progesterone-200mg-capsule/
2026-08-04T04:16:11+00:00,patch-2x,0.025 mg/day,unavailable,$39.18,https://www.costplusdrugs.com/medications/estradioltwiceweekly-0_025mg-patch8pack/
2026-08-04T04:16:11+00:00,patch-2x,0.0375 mg/day,unavailable,,https://www.costplusdrugs.com/medications/estradioltwiceweekly-0_0375mg-patch8pack/
2026-08-04T04:16:11+00:00,patch-2x,0.05 mg/day,unavailable,,https://www.costplusdrugs.com/medications/estradioltwiceweekly-0_05mg-patch8pack/
2026-08-04T04:16:11+00:00,patch-2x,0.075 mg/day,unavailable,,https://www.costplusdrugs.com/medications/estradioltwiceweekly-0_075mg-patch8pack/
2026-08-04T04:16:11+00:00,patch-2x,0.1 mg/day (Dotti),unavailable,,https://www.costplusdrugs.com/medications/dotti-(estradiol-twice-weekly)-0_1-mg_24hr-box-of-8-patches-8/
2026-08-04T04:16:11+00:00,patch-1x,0.025 mg/day,unavailable,,https://www.costplusdrugs.com/medications/climara-0_025mg-24hr-patch-weekly-4/
2026-08-04T04:16:11+00:00,patch-1x,0.0375 mg/day,unavailable,,https://www.costplusdrugs.com/medications/climara-0_0375mg-24hr-patch-weekly-4/
2026-08-04T04:16:11+00:00,patch-1x,0.05 mg/day,unavailable,,https://www.costplusdrugs.com/medications/climara-0_05mg-24hr-patch-weekly-4/
2026-08-04T04:16:11+00:00,patch-1x,0.06 mg/day,unavailable,,https://www.costplusdrugs.com/medications/climara-0_06mg-24hr-patch-weekly-4/
2026-08-04T04:16:11+00:00,patch-1x,0.075 mg/day,unavailable,,https://www.costplusdrugs.com/medications/climara-0_075mg-24hr-patch-weekly-4/
2026-08-04T04:16:11+00:00,patch-1x,0.1 mg/day,unavailable,,https://www.costplusdrugs.com/medications/climara-0_1mg-24hr-patch-weekly-4/
2026-08-04T04:16:11+00:00,gel,0.25 mg / 0.25 g,unavailable,,https://www.costplusdrugs.com/medications/estradiol-0_25mg-0_25g-gel-packet-divigel/
2026-08-04T04:16:11+00:00,gel,0.5 mg / 0.5 g,unavailable,,https://www.costplusdrugs.com/medications/estradiol-0_5mg-0_5g-gel-packet-divigel/
2026-08-04T04:16:11+00:00,gel,0.75 mg / 0.75 g,unavailable,,https://www.costplusdrugs.com/medications/estradiol-0_75mg-0_75g-gel-packet-divigel/
2026-08-04T04:16:11+00:00,gel,1 mg / 1 g,unavailable,,https://www.costplusdrugs.com/medications/estradiol-1mg-g-gel-packet-divigel/
2026-08-04T04:16:11+00:00,gel,1.25 mg / 1.25 g,unavailable,,https://www.costplusdrugs.com/medications/estradiol-1_25-mg_1_25gm-gel-37_5/
2026-08-04T04:16:11+00:00,omp,100 mg,unavailable,,https://www.costplusdrugs.com/medications/progesterone-100mg-capsule/
2026-08-04T04:16:11+00:00,omp,200 mg,unavailable,,https://www.costplusdrugs.com/medications/progesterone-200mg-capsule/
2026-08-04T15:14:22+00:00,patch-2x,0.025 mg/day,unavailable,$39.18,https://www.costplusdrugs.com/medications/estradioltwiceweekly-0_025mg-patch8pack/
2026-08-04T15:14:22+00:00,patch-2x,0.0375 mg/day,unavailable,,https://www.costplusdrugs.com/medications/estradioltwiceweekly-0_0375mg-patch8pack/
2026-08-04T15:14:22+00:00,patch-2x,0.05 mg/day,unavailable,,https://www.costplusdrugs.com/medications/estradioltwiceweekly-0_05mg-patch8pack/
2026-08-04T15:14:22+00:00,patch-2x,0.075 mg/day,unavailable,,https://www.costplusdrugs.com/medications/estradioltwiceweekly-0_075mg-patch8pack/
2026-08-04T15:14:22+00:00,patch-2x,0.1 mg/day (Dotti),unavailable,,https://www.costplusdrugs.com/medications/dotti-(estradiol-twice-weekly)-0_1-mg_24hr-box-of-8-patches-8/
2026-08-04T15:14:22+00:00,patch-1x,0.025 mg/day,unavailable,,https://www.costplusdrugs.com/medications/climara-0_025mg-24hr-patch-weekly-4/
2026-08-04T15:14:22+00:00,patch-1x,0.0375 mg/day,unavailable,,https://www.costplusdrugs.com/medications/climara-0_0375mg-24hr-patch-weekly-4/
2026-08-04T15:14:22+00:00,patch-1x,0.05 mg/day,unavailable,,https://www.costplusdrugs.com/medications/climara-0_05mg-24hr-patch-weekly-4/
2026-08-04T15:14:22+00:00,patch-1x,0.06 mg/day,unavailable,,https://www.costplusdrugs.com/medications/climara-0_06mg-24hr-patch-weekly-4/
2026-08-04T15:14:22+00:00,patch-1x,0.075 mg/day,unavailable,,https://www.costplusdrugs.com/medications/climara-0_075mg-24hr-patch-weekly-4/
2026-08-04T15:14:22+00:00,patch-1x,0.1 mg/day,unavailable,,https://www.costplusdrugs.com/medications/climara-0_1mg-24hr-patch-weekly-4/
2026-08-04T15:14:22+00:00,gel,0.25 mg / 0.25 g,unavailable,,https://www.costplusdrugs.com/medications/estradiol-0_25mg-0_25g-gel-packet-divigel/
2026-08-04T15:14:22+00:00,gel,0.5 mg / 0.5 g,unavailable,,https://www.costplusdrugs.com/medications/estradiol-0_5mg-0_5g-gel-packet-divigel/
2026-08-04T15:14:22+00:00,gel,0.75 mg / 0.75 g,unavailable,,https://www.costplusdrugs.com/medications/estradiol-0_75mg-0_75g-gel-packet-divigel/
2026-08-04T15:14:22+00:00,gel,1 mg / 1 g,unavailable,,https://www.costplusdrugs.com/medications/estradiol-1mg-g-gel-packet-divigel/
2026-08-04T15:14:22+00:00,gel,1.25 mg / 1.25 g,unavailable,,https://www.costplusdrugs.com/medications/estradiol-1_25-mg_1_25gm-gel-37_5/
2026-08-04T15:14:22+00:00,omp,100 mg,unavailable,,https://www.costplusdrugs.com/medications/progesterone-100mg-capsule/
2026-08-04T15:14:22+00:00,omp,200 mg,unavailable,,https://www.costplusdrugs.com/medications/progesterone-200mg-capsule/
2026-08-05T04:11:53+00:00,patch-2x,0.025 mg/day,unavailable,$39.18,https://www.costplusdrugs.com/medications/estradioltwiceweekly-0_025mg-patch8pack/
2026-08-05T04:11:53+00:00,patch-2x,0.0375 mg/day,unavailable,,https://www.costplusdrugs.com/medications/estradioltwiceweekly-0_0375mg-patch8pack/
2026-08-05T04:11:53+00:00,patch-2x,0.05 mg/day,unavailable,,https://www.costplusdrugs.com/medications/estradioltwiceweekly-0_05mg-patch8pack/
2026-08-05T04:11:53+00:00,patch-2x,0.075 mg/day,unavailable,,https://www.costplusdrugs.com/medications/estradioltwiceweekly-0_075mg-patch8pack/
2026-08-05T04:11:53+00:00,patch-2x,0.1 mg/day (Dotti),unavailable,,https://www.costplusdrugs.com/medications/dotti-(estradiol-twice-weekly)-0_1-mg_24hr-box-of-8-patches-8/
2026-08-05T04:11:53+00:00,patch-1x,0.025 mg/day,unavailable,,https://www.costplusdrugs.com/medications/climara-0_025mg-24hr-patch-weekly-4/
2026-08-05T04:11:53+00:00,patch-1x,0.0375 mg/day,unavailable,,https://www.costplusdrugs.com/medications/climara-0_0375mg-24hr-patch-weekly-4/
2026-08-05T04:11:53+00:00,patch-1x,0.05 mg/day,unavailable,,https://www.costplusdrugs.com/medications/climara-0_05mg-24hr-patch-weekly-4/
2026-08-05T04:11:53+00:00,patch-1x,0.06 mg/day,unavailable,,https://www.costplusdrugs.com/medications/climara-0_06mg-24hr-patch-weekly-4/
2026-08-05T04:11:53+00:00,patch-1x,0.075 mg/day,unavailable,,https://www.costplusdrugs.com/medications/climara-0_075mg-24hr-patch-weekly-4/
2026-08-05T04:11:53+00:00,patch-1x,0.1 mg/day,unavailable,,https://www.costplusdrugs.com/medications/climara-0_1mg-24hr-patch-weekly-4/
2026-08-05T04:11:53+00:00,gel,0.25 mg / 0.25 g,unavailable,,https://www.costplusdrugs.com/medications/estradiol-0_25mg-0_25g-gel-packet-divigel/
2026-08-05T04:11:53+00:00,gel,0.5 mg / 0.5 g,unavailable,,https://www.costplusdrugs.com/medications/estradiol-0_5mg-0_5g-gel-packet-divigel/
2026-08-05T04:11:53+00:00,gel,0.75 mg / 0.75 g,unavailable,,https://www.costplusdrugs.com/medications/estradiol-0_75mg-0_75g-gel-packet-divigel/
2026-08-05T04:11:53+00:00,gel,1 mg / 1 g,unavailable,,https://www.costplusdrugs.com/medications/estradiol-1mg-g-gel-packet-divigel/
2026-08-05T04:11:53+00:00,gel,1.25 mg / 1.25 g,unavailable,,https://www.costplusdrugs.com/medications/estradiol-1_25-mg_1_25gm-gel-37_5/
2026-08-05T04:11:53+00:00,omp,100 mg,unavailable,,https://www.costplusdrugs.com/medications/progesterone-100mg-capsule/
2026-08-05T04:11:53+00:00,omp,200 mg,unavailable,,https://www.costplusdrugs.com/medications/progesterone-200mg-capsule/
2026-08-05T15:06:03+00:00,patch-2x,0.025 mg/day,unavailable,$39.18,https://www.costplusdrugs.com/medications/estradioltwiceweekly-0_025mg-patch8pack/
2026-08-05T15:06:03+00:00,patch-2x,0.0375 mg/day,unavailable,,https://www.costplusdrugs.com/medications/estradioltwiceweekly-0_0375mg-patch8pack/
2026-08-05T15:06:03+00:00,patch-2x,0.05 mg/day,unavailable,,https://www.costplusdrugs.com/medications/estradioltwiceweekly-0_05mg-patch8pack/
2026-08-05T15:06:03+00:00,patch-2x,0.075 mg/day,unavailable,,https://www.costplusdrugs.com/medications/estradioltwiceweekly-0_075mg-patch8pack/
2026-08-05T15:06:03+00:00,patch-2x,0.1 mg/day (Dotti),unavailable,,https://www.costplusdrugs.com/medications/dotti-(estradiol-twice-weekly)-0_1-mg_24hr-box-of-8-patches-8/
2026-08-05T15:06:03+00:00,patch-1x,0.025 mg/day,unavailable,,https://www.costplusdrugs.com/medications/climara-0_025mg-24hr-patch-weekly-4/
2026-08-05T15:06:03+00:00,patch-1x,0.0375 mg/day,unavailable,,https://www.costplusdrugs.com/medications/climara-0_0375mg-24hr-patch-weekly-4/
2026-08-05T15:06:03+00:00,patch-1x,0.05 mg/day,unavailable,,https://www.costplusdrugs.com/medications/climara-0_05mg-24hr-patch-weekly-4/
2026-08-05T15:06:03+00:00,patch-1x,0.06 mg/day,unavailable,,https://www.costplusdrugs.com/medications/climara-0_06mg-24hr-patch-weekly-4/
2026-08-05T15:06:03+00:00,patch-1x,0.075 mg/day,unavailable,,https://www.costplusdrugs.com/medications/climara-0_075mg-24hr-patch-weekly-4/
2026-08-05T15:06:03+00:00,patch-1x,0.1 mg/day,unavailable,,https://www.costplusdrugs.com/medications/climara-0_1mg-24hr-patch-weekly-4/
2026-08-05T15:06:03+00:00,gel,0.25 mg / 0.25 g,unavailable,,https://www.costplusdrugs.com/medications/estradiol-0_25mg-0_25g-gel-packet-divigel/
2026-08-05T15:06:03+00:00,gel,0.5 mg / 0.5 g,unavailable,,https://www.costplusdrugs.com/medications/estradiol-0_5mg-0_5g-gel-packet-divigel/
2026-08-05T15:06:03+00:00,gel,0.75 mg / 0.75 g,unavailable,,https://www.costplusdrugs.com/medications/estradiol-0_75mg-0_75g-gel-packet-divigel/
2026-08-05T15:06:03+00:00,gel,1 mg / 1 g,unavailable,,https://www.costplusdrugs.com/medications/estradiol-1mg-g-gel-packet-divigel/
2026-08-05T15:06:03+00:00,gel,1.25 mg / 1.25 g,unavailable,,https://www.costplusdrugs.com/medications/estradiol-1_25-mg_1_25gm-gel-37_5/
2026-08-05T15:06:03+00:00,omp,100 mg,unavailable,,https://www.costplusdrugs.com/medications/progesterone-100mg-capsule/
2026-08-05T15:06:03+00:00,omp,200 mg,unavailable,,https://www.costplusdrugs.com/medications/progesterone-200mg-capsule/
2026-08-06T04:15:10+00:00,patch-2x,0.025 mg/day,unavailable,$39.18,https://www.costplusdrugs.com/medications/estradioltwiceweekly-0_025mg-patch8pack/
2026-08-06T04:15:10+00:00,patch-2x,0.0375 mg/day,unavailable,,https://www.costplusdrugs.com/medications/estradioltwiceweekly-0_0375mg-patch8pack/
2026-08-06T04:15:10+00:00,patch-2x,0.05 mg/day,unavailable,,https://www.costplusdrugs.com/medications/estradioltwiceweekly-0_05mg-patch8pack/
2026-08-06T04:15:10+00:00,patch-2x,0.075 mg/day,unavailable,,https://www.costplusdrugs.com/medications/estradioltwiceweekly-0_075mg-patch8pack/
2026-08-06T04:15:10+00:00,patch-2x,0.1 mg/day (Dotti),unavailable,,https://www.costplusdrugs.com/medications/dotti-(estradiol-twice-weekly)-0_1-mg_24hr-box-of-8-patches-8/
2026-08-06T04:15:10+00:00,patch-1x,0.025 mg/day,unavailable,,https://www.costplusdrugs.com/medications/climara-0_025mg-24hr-patch-weekly-4/
2026-08-06T04:15:10+00:00,patch-1x,0.0375 mg/day,unavailable,,https://www.costplusdrugs.com/medications/climara-0_0375mg-24hr-patch-weekly-4/
2026-08-06T04:15:10+00:00,patch-1x,0.05 mg/day,unavailable,,https://www.costplusdrugs.com/medications/climara-0_05mg-24hr-patch-weekly-4/
2026-08-06T04:15:10+00:00,patch-1x,0.06 mg/day,unavailable,,https://www.costplusdrugs.com/medications/climara-0_06mg-24hr-patch-weekly-4/
2026-08-06T04:15:10+00:00,patch-1x,0.075 mg/day,unavailable,,https://www.costplusdrugs.com/medications/climara-0_075mg-24hr-patch-weekly-4/
2026-08-06T04:15:10+00:00,patch-1x,0.1 mg/day,unavailable,,https://www.costplusdrugs.com/medications/climara-0_1mg-24hr-patch-weekly-4/
2026-08-06T04:15:10+00:00,gel,0.25 mg / 0.25 g,unavailable,,https://www.costplusdrugs.com/medications/estradiol-0_25mg-0_25g-gel-packet-divigel/
2026-08-06T04:15:10+00:00,gel,0.5 mg / 0.5 g,unavailable,,https://www.costplusdrugs.com/medications/estradiol-0_5mg-0_5g-gel-packet-divigel/
2026-08-06T04:15:10+00:00,gel,0.75 mg / 0.75 g,unavailable,,https://www.costplusdrugs.com/medications/estradiol-0_75mg-0_75g-gel-packet-divigel/
2026-08-06T04:15:10+00:00,gel,1 mg / 1 g,unavailable,,https://www.costplusdrugs.com/medications/estradiol-1mg-g-gel-packet-divigel/
2026-08-06T04:15:10+00:00,gel,1.25 mg / 1.25 g,unavailable,,https://www.costplusdrugs.com/medications/estradiol-1_25-mg_1_25gm-gel-37_5/
2026-08-06T04:15:10+00:00,omp,100 mg,unavailable,,https://www.costplusdrugs.com/medications/progesterone-100mg-capsule/
2026-08-06T04:15:10+00:00,omp,200 mg,unavailable,,https://www.costplusdrugs.com/medications/progesterone-200mg-capsule/
2026-08-06T15:04:33+00:00,patch-2x,0.025 mg/day,unavailable,$39.18,https://www.costplusdrugs.com/medications/estradioltwiceweekly-0_025mg-patch8pack/
2026-08-06T15:04:33+00:00,patch-2x,0.0375 mg/day,unavailable,,https://www.costplusdrugs.com/medications/estradioltwiceweekly-0_0375mg-patch8pack/
2026-08-06T15:04:33+00:00,patch-2x,0.05 mg/day,unavailable,,https://www.costplusdrugs.com/medications/estradioltwiceweekly-0_05mg-patch8pack/
2026-08-06T15:04:33+00:00,patch-2x,0.075 mg/day,unavailable,,https://www.costplusdrugs.com/medications/estradioltwiceweekly-0_075mg-patch8pack/
2026-08-06T15:04:33+00:00,patch-2x,0.1 mg/day (Dotti),unavailable,,https://www.costplusdrugs.com/medications/dotti-(estradiol-twice-weekly)-0_1-mg_24hr-box-of-8-patches-8/
2026-08-06T15:04:33+00:00,patch-1x,0.025 mg/day,unavailable,,https://www.costplusdrugs.com/medications/climara-0_025mg-24hr-patch-weekly-4/
2026-08-06T15:04:33+00:00,patch-1x,0.0375 mg/day,unavailable,,https://www.costplusdrugs.com/medications/climara-0_0375mg-24hr-patch-weekly-4/
2026-08-06T15:04:33+00:00,patch-1x,0.05 mg/day,unavailable,,https://www.costplusdrugs.com/medications/climara-0_05mg-24hr-patch-weekly-4/
2026-08-06T15:04:33+00:00,patch-1x,0.06 mg/day,unavailable,,https://www.costplusdrugs.com/medications/climara-0_06mg-24hr-patch-weekly-4/
2026-08-06T15:04:33+00:00,patch-1x,0.075 mg/day,unavailable,,https://www.costplusdrugs.com/medications/climara-0_075mg-24hr-patch-weekly-4/
2026-08-06T15:04:33+00:00,patch-1x,0.1 mg/day,unavailable,,https://www.costplusdrugs.com/medications/climara-0_1mg-24hr-patch-weekly-4/
2026-08-06T15:04:33+00:00,gel,0.25 mg / 0.25 g,unavailable,,https://www.costplusdrugs.com/medications/estradiol-0_25mg-0_25g-gel-packet-divigel/
2026-08-06T15:04:33+00:00,gel,0.5 mg / 0.5 g,unavailable,,https://www.costplusdrugs.com/medications/estradiol-0_5mg-0_5g-gel-packet-divigel/
2026-08-06T15:04:33+00:00,gel,0.75 mg / 0.75 g,unavailable,,https://www.costplusdrugs.com/medications/estradiol-0_75mg-0_75g-gel-packet-divigel/
2026-08-06T15:04:33+00:00,gel,1 mg / 1 g,unavailable,,https://www.costplusdrugs.com/medications/estradiol-1mg-g-gel-packet-divigel/
2026-08-06T15:04:33+00:00,gel,1.25 mg / 1.25 g,unavailable,,https://www.costplusdrugs.com/medications/estradiol-1_25-mg_1_25gm-gel-37_5/
2026-08-06T15:04:33+00:00,omp,100 mg,unavailable,,https://www.costplusdrugs.com/medications/progesterone-100mg-capsule/
2026-08-06T15:04:33+00:00,omp,200 mg,unavailable,,https://www.costplusdrugs.com/medications/progesterone-200mg-capsule/
2026-08-07T03:51:00+00:00,patch-2x,0.025 mg/day,unavailable,$39.18,https://www.costplusdrugs.com/medications/estradioltwiceweekly-0_025mg-patch8pack/
2026-08-07T03:51:00+00:00,patch-2x,0.0375 mg/day,unavailable,,https://www.costplusdrugs.com/medications/estradioltwiceweekly-0_0375mg-patch8pack/
2026-08-07T03:51:00+00:00,patch-2x,0.05 mg/day,unavailable,,https://www.costplusdrugs.com/medications/estradioltwiceweekly-0_05mg-patch8pack/
2026-08-07T03:51:00+00:00,patch-2x,0.075 mg/day,unavailable,,https://www.costplusdrugs.com/medications/estradioltwiceweekly-0_075mg-patch8pack/
2026-08-07T03:51:00+00:00,patch-2x,0.1 mg/day (Dotti),unavailable,,https://www.costplusdrugs.com/medications/dotti-(estradiol-twice-weekly)-0_1-mg_24hr-box-of-8-patches-8/
2026-08-07T03:51:00+00:00,patch-1x,0.025 mg/day,unavailable,,https://www.costplusdrugs.com/medications/climara-0_025mg-24hr-patch-weekly-4/
2026-08-07T03:51:00+00:00,patch-1x,0.0375 mg/day,unavailable,,https://www.costplusdrugs.com/medications/climara-0_0375mg-24hr-patch-weekly-4/
2026-08-07T03:51:00+00:00,patch-1x,0.05 mg/day,unavailable,,https://www.costplusdrugs.com/medications/climara-0_05mg-24hr-patch-weekly-4/
2026-08-07T03:51:00+00:00,patch-1x,0.06 mg/day,unavailable,,https://www.costplusdrugs.com/medications/climara-0_06mg-24hr-patch-weekly-4/
2026-08-07T03:51:00+00:00,patch-1x,0.075 mg/day,unavailable,,https://www.costplusdrugs.com/medications/climara-0_075mg-24hr-patch-weekly-4/
2026-08-07T03:51:00+00:00,patch-1x,0.1 mg/day,unavailable,,https://www.costplusdrugs.com/medications/climara-0_1mg-24hr-patch-weekly-4/
2026-08-07T03:51:00+00:00,gel,0.25 mg / 0.25 g,unavailable,,https://www.costplusdrugs.com/medications/estradiol-0_25mg-0_25g-gel-packet-divigel/
2026-08-07T03:51:00+00:00,gel,0.5 mg / 0.5 g,unavailable,,https://www.costplusdrugs.com/medications/estradiol-0_5mg-0_5g-gel-packet-divigel/
2026-08-07T03:51:00+00:00,gel,0.75 mg / 0.75 g,unavailable,,https://www.costplusdrugs.com/medications/estradiol-0_75mg-0_75g-gel-packet-divigel/
2026-08-07T03:51:00+00:00,gel,1 mg / 1 g,unavailable,,https://www.costplusdrugs.com/medications/estradiol-1mg-g-gel-packet-divigel/
2026-08-07T03:51:00+00:00,gel,1.25 mg / 1.25 g,unavailable,,https://www.costplusdrugs.com/medications/estradiol-1_25-mg_1_25gm-gel-37_5/
2026-08-07T03:51:00+00:00,omp,100 mg,unavailable,,https://www.costplusdrugs.com/medications/progesterone-100mg-capsule/
2026-08-07T03:51:00+00:00,omp,200 mg,unavailable,,https://www.costplusdrugs.com/medications/progesterone-200mg-capsule/
2026-08-07T14:03:48+00:00,patch-2x,0.025 mg/day,unavailable,$39.18,https://www.costplusdrugs.com/medications/estradioltwiceweekly-0_025mg-patch8pack/
2026-08-07T14:03:48+00:00,patch-2x,0.0375 mg/day,unavailable,,https://www.costplusdrugs.com/medications/estradioltwiceweekly-0_0375mg-patch8pack/
2026-08-07T14:03:48+00:00,patch-2x,0.05 mg/day,unavailable,,https://www.costplusdrugs.com/medications/estradioltwiceweekly-0_05mg-patch8pack/
2026-08-07T14:03:48+00:00,patch-2x,0.075 mg/day,unavailable,,https://www.costplusdrugs.com/medications/estradioltwiceweekly-0_075mg-patch8pack/
2026-08-07T14:03:48+00:00,patch-2x,0.1 mg/day (Dotti),unavailable,,https://www.costplusdrugs.com/medications/dotti-(estradiol-twice-weekly)-0_1-mg_24hr-box-of-8-patches-8/
2026-08-07T14:03:48+00:00,patch-1x,0.025 mg/day,unavailable,,https://www.costplusdrugs.com/medications/climara-0_025mg-24hr-patch-weekly-4/
2026-08-07T14:03:48+00:00,patch-1x,0.0375 mg/day,unavailable,,https://www.costplusdrugs.com/medications/climara-0_0375mg-24hr-patch-weekly-4/
2026-08-07T14:03:48+00:00,patch-1x,0.05 mg/day,unavailable,,https://www.costplusdrugs.com/medications/climara-0_05mg-24hr-patch-weekly-4/
2026-08-07T14:03:48+00:00,patch-1x,0.06 mg/day,unavailable,,https://www.costplusdrugs.com/medications/climara-0_06mg-24hr-patch-weekly-4/
2026-08-07T14:03:48+00:00,patch-1x,0.075 mg/day,unavailable,,https://www.costplusdrugs.com/medications/climara-0_075mg-24hr-patch-weekly-4/
2026-08-07T14:03:48+00:00,patch-1x,0.1 mg/day,unavailable,,https://www.costplusdrugs.com/medications/climara-0_1mg-24hr-patch-weekly-4/
2026-08-07T14:03:48+00:00,gel,0.25 mg / 0.25 g,unavailable,,https://www.costplusdrugs.com/medications/estradiol-0_25mg-0_25g-gel-packet-divigel/
2026-08-07T14:03:48+00:00,gel,0.5 mg / 0.5 g,unavailable,,https://www.costplusdrugs.com/medications/estradiol-0_5mg-0_5g-gel-packet-divigel/
2026-08-07T14:03:48+00:00,gel,0.75 mg / 0.75 g,unavailable,,https://www.costplusdrugs.com/medications/estradiol-0_75mg-0_75g-gel-packet-divigel/
2026-08-07T14:03:48+00:00,gel,1 mg / 1 g,unavailable,,https://www.costplusdrugs.com/medications/estradiol-1mg-g-gel-packet-divigel/
2026-08-07T14:03:48+00:00,gel,1.25 mg / 1.25 g,unavailable,,https://www.costplusdrugs.com/medications/estradiol-1_25-mg_1_25gm-gel-37_5/
2026-08-07T14:03:48+00:00,omp,100 mg,unavailable,,https://www.costplusdrugs.com/medications/progesterone-100mg-capsule/
2026-08-07T14:03:48+00:00,omp,200 mg,unavailable,,https://www.costplusdrugs.com/medications/progesterone-200mg-capsule/
2026-08-08T02:55:17+00:00,patch-2x,0.025 mg/day,unavailable,$39.18,https://www.costplusdrugs.com/medications/estradioltwiceweekly-0_025mg-patch8pack/
2026-08-08T02:55:17+00:00,patch-2x,0.0375 mg/day,unavailable,,https://www.costplusdrugs.com/medications/estradioltwiceweekly-0_0375mg-patch8pack/
2026-08-08T02:55:17+00:00,patch-2x,0.05 mg/day,unavailable,,https://www.costplusdrugs.com/medications/estradioltwiceweekly-0_05mg-patch8pack/
2026-08-08T02:55:17+00:00,patch-2x,0.075 mg/day,unavailable,,https://www.costplusdrugs.com/medications/estradioltwiceweekly-0_075mg-patch8pack/
2026-08-08T02:55:17+00:00,patch-2x,0.1 mg/day (Dotti),unavailable,,https://www.costplusdrugs.com/medications/dotti-(estradiol-twice-weekly)-0_1-mg_24hr-box-of-8-patches-8/
2026-08-08T02:55:17+00:00,patch-1x,0.025 mg/day,unavailable,,https://www.costplusdrugs.com/medications/climara-0_025mg-24hr-patch-weekly-4/
2026-08-08T02:55:17+00:00,patch-1x,0.0375 mg/day,unavailable,,https://www.costplusdrugs.com/medications/climara-0_0375mg-24hr-patch-weekly-4/
2026-08-08T02:55:17+00:00,patch-1x,0.05 mg/day,unavailable,,https://www.costplusdrugs.com/medications/climara-0_05mg-24hr-patch-weekly-4/
2026-08-08T02:55:17+00:00,patch-1x,0.06 mg/day,unavailable,,https://www.costplusdrugs.com/medications/climara-0_06mg-24hr-patch-weekly-4/
2026-08-08T02:55:17+00:00,patch-1x,0.075 mg/day,unavailable,,https://www.costplusdrugs.com/medications/climara-0_075mg-24hr-patch-weekly-4/
2026-08-08T02:55:17+00:00,patch-1x,0.1 mg/day,unavailable,,https://www.costplusdrugs.com/medications/climara-0_1mg-24hr-patch-weekly-4/
2026-08-08T02:55:17+00:00,gel,0.25 mg / 0.25 g,unavailable,,https://www.costplusdrugs.com/medications/estradiol-0_25mg-0_25g-gel-packet-divigel/
2026-08-08T02:55:17+00:00,gel,0.5 mg / 0.5 g,unavailable,,https://www.costplusdrugs.com/medications/estradiol-0_5mg-0_5g-gel-packet-divigel/
2026-08-08T02:55:17+00:00,gel,0.75 mg / 0.75 g,unavailable,,https://www.costplusdrugs.com/medications/estradiol-0_75mg-0_75g-gel-packet-divigel/
2026-08-08T02:55:17+00:00,gel,1 mg / 1 g,unavailable,,https://www.costplusdrugs.com/medications/estradiol-1mg-g-gel-packet-divigel/
2026-08-08T02:55:17+00:00,gel,1.25 mg / 1.25 g,unavailable,,https://www.costplusdrugs.com/medications/estradiol-1_25-mg_1_25gm-gel-37_5/
2026-08-08T02:55:17+00:00,omp,100 mg,unavailable,,https://www.costplusdrugs.com/medications/progesterone-100mg-capsule/
2026-08-08T02:55:17+00:00,omp,200 mg,unavailable,,https://www.costplusdrugs.com/medications/progesterone-200mg-capsule/
2026-08-08T13:36:46+00:00,patch-2x,0.025 mg/day,unavailable,$39.18,https://www.costplusdrugs.com/medications/estradioltwiceweekly-0_025mg-patch8pack/
2026-08-08T13:36:46+00:00,patch-2x,0.0375 mg/day,unavailable,,https://www.costplusdrugs.com/medications/estradioltwiceweekly-0_0375mg-patch8pack/
2026-08-08T13:36:46+00:00,patch-2x,0.05 mg/day,unavailable,,https://www.costplusdrugs.com/medications/estradioltwiceweekly-0_05mg-patch8pack/
2026-08-08T13:36:46+00:00,patch-2x,0.075 mg/day,unavailable,,https://www.costplusdrugs.com/medications/estradioltwiceweekly-0_075mg-patch8pack/
2026-08-08T13:36:46+00:00,patch-2x,0.1 mg/day (Dotti),unavailable,,https://www.costplusdrugs.com/medications/dotti-(estradiol-twice-weekly)-0_1-mg_24hr-box-of-8-patches-8/
2026-08-08T13:36:46+00:00,patch-1x,0.025 mg/day,unavailable,,https://www.costplusdrugs.com/medications/climara-0_025mg-24hr-patch-weekly-4/
2026-08-08T13:36:46+00:00,patch-1x,0.0375 mg/day,unavailable,,https://www.costplusdrugs.com/medications/climara-0_0375mg-24hr-patch-weekly-4/
2026-08-08T13:36:46+00:00,patch-1x,0.05 mg/day,unavailable,,https://www.costplusdrugs.com/medications/climara-0_05mg-24hr-patch-weekly-4/
2026-08-08T13:36:46+00:00,patch-1x,0.06 mg/day,unavailable,,https://www.costplusdrugs.com/medications/climara-0_06mg-24hr-patch-weekly-4/
2026-08-08T13:36:46+00:00,patch-1x,0.075 mg/day,unavailable,,https://www.costplusdrugs.com/medications/climara-0_075mg-24hr-patch-weekly-4/
2026-08-08T13:36:46+00:00,patch-1x,0.1 mg/day,unavailable,,https://www.costplusdrugs.com/medications/climara-0_1mg-24hr-patch-weekly-4/
2026-08-08T13:36:46+00:00,gel,0.25 mg / 0.25 g,unavailable,,https://www.costplusdrugs.com/medications/estradiol-0_25mg-0_25g-gel-packet-divigel/
2026-08-08T13:36:46+00:00,gel,0.5 mg / 0.5 g,unavailable,,https://www.costplusdrugs.com/medications/estradiol-0_5mg-0_5g-gel-packet-divigel/
2026-08-08T13:36:46+00:00,gel,0.75 mg / 0.75 g,unavailable,,https://www.costplusdrugs.com/medications/estradiol-0_75mg-0_75g-gel-packet-divigel/
2026-08-08T13:36:46+00:00,gel,1 mg / 1 g,unavailable,,https://www.costplusdrugs.com/medications/estradiol-1mg-g-gel-packet-divigel/
2026-08-08T13:36:46+00:00,gel,1.25 mg / 1.25 g,unavailable,,https://www.costplusdrugs.com/medications/estradiol-1_25-mg_1_25gm-gel-37_5/
2026-08-08T13:36:46+00:00,omp,100 mg,unavailable,,https://www.costplusdrugs.com/medications/progesterone-100mg-capsule/
2026-08-08T13:36:46+00:00,omp,200 mg,unavailable,,https://www.costplusdrugs.com/medications/progesterone-200mg-capsule/
2026-08-09T03:02:51+00:00,patch-2x,0.025 mg/day,unavailable,$39.18,https://www.costplusdrugs.com/medications/estradioltwiceweekly-0_025mg-patch8pack/
2026-08-09T03:02:51+00:00,patch-2x,0.0375 mg/day,unavailable,,https://www.costplusdrugs.com/medications/estradioltwiceweekly-0_0375mg-patch8pack/
2026-08-09T03:02:51+00:00,patch-2x,0.05 mg/day,unavailable,,https://www.costplusdrugs.com/medications/estradioltwiceweekly-0_05mg-patch8pack/
2026-08-09T03:02:51+00:00,patch-2x,0.075 mg/day,unavailable,,https://www.costplusdrugs.com/medications/estradioltwiceweekly-0_075mg-patch8pack/
2026-08-09T03:02:51+00:00,patch-2x,0.1 mg/day (Dotti),unavailable,,https://www.costplusdrugs.com/medications/dotti-(estradiol-twice-weekly)-0_1-mg_24hr-box-of-8-patches-8/
2026-08-09T03:02:51+00:00,patch-1x,0.025 mg/day,unavailable,,https://www.costplusdrugs.com/medications/climara-0_025mg-24hr-patch-weekly-4/
2026-08-09T03:02:51+00:00,patch-1x,0.0375 mg/day,unavailable,,https://www.costplusdrugs.com/medications/climara-0_0375mg-24hr-patch-weekly-4/
2026-08-09T03:02:51+00:00,patch-1x,0.05 mg/day,unavailable,,https://www.costplusdrugs.com/medications/climara-0_05mg-24hr-patch-weekly-4/
2026-08-09T03:02:51+00:00,patch-1x,0.06 mg/day,unavailable,,https://www.costplusdrugs.com/medications/climara-0_06mg-24hr-patch-weekly-4/
2026-08-09T03:02:51+00:00,patch-1x,0.075 mg/day,unavailable,,https://www.costplusdrugs.com/medications/climara-0_075mg-24hr-patch-weekly-4/
2026-08-09T03:02:51+00:00,patch-1x,0.1 mg/day,unavailable,,https://www.costplusdrugs.com/medications/climara-0_1mg-24hr-patch-weekly-4/
2026-08-09T03:02:51+00:00,gel,0.25 mg / 0.25 g,unavailable,,https://www.costplusdrugs.com/medications/estradiol-0_25mg-0_25g-gel-packet-divigel/
2026-08-09T03:02:51+00:00,gel,0.5 mg / 0.5 g,unavailable,,https://www.costplusdrugs.com/medications/estradiol-0_5mg-0_5g-gel-packet-divigel/
2026-08-09T03:02:51+00:00,gel,0.75 mg / 0.75 g,unavailable,,https://www.costplusdrugs.com/medications/estradiol-0_75mg-0_75g-gel-packet-divigel/
2026-08-09T03:02:51+00:00,gel,1 mg / 1 g,unavailable,,https://www.costplusdrugs.com/medications/estradiol-1mg-g-gel-packet-divigel/
2026-08-09T03:02:51+00:00,gel,1.25 mg / 1.25 g,unavailable,,https://www.costplusdrugs.com/medications/estradiol-1_25-mg_1_25gm-gel-37_5/
2026-08-09T03:02:51+00:00,omp,100 mg,unavailable,,https://www.costplusdrugs.com/medications/progesterone-100mg-capsule/
2026-08-09T03:02:51+00:00,omp,200 mg,unavailable,,https://www.costplusdrugs.com/medications/progesterone-200mg-capsule/
2026-08-09T13:39:52+00:00,patch-2x,0.025 mg/day,unavailable,$39.18,https://www.costplusdrugs.com/medications/estradioltwiceweekly-0_025mg-patch8pack/
2026-08-09T13:39:52+00:00,patch-2x,0.0375 mg/day,unavailable,,https://www.costplusdrugs.com/medications/estradioltwiceweekly-0_0375mg-patch8pack/
2026-08-09T13:39:52+00:00,patch-2x,0.05 mg/day,unavailable,,https://www.costplusdrugs.com/medications/estradioltwiceweekly-0_05mg-patch8pack/
2026-08-09T13:39:52+00:00,patch-2x,0.075 mg/day,unavailable,,https://www.costplusdrugs.com/medications/estradioltwiceweekly-0_075mg-patch8pack/
2026-08-09T13:39:52+00:00,patch-2x,0.1 mg/day (Dotti),unavailable,,https://www.costplusdrugs.com/medications/dotti-(estradiol-twice-weekly)-0_1-mg_24hr-box-of-8-patches-8/
2026-08-09T13:39:52+00:00,patch-1x,0.025 mg/day,unavailable,,https://www.costplusdrugs.com/medications/climara-0_025mg-24hr-patch-weekly-4/
2026-08-09T13:39:52+00:00,patch-1x,0.0375 mg/day,unavailable,,https://www.costplusdrugs.com/medications/climara-0_0375mg-24hr-patch-weekly-4/
2026-08-09T13:39:52+00:00,patch-1x,0.05 mg/day,unavailable,,https://www.costplusdrugs.com/medications/climara-0_05mg-24hr-patch-weekly-4/
2026-08-09T13:39:52+00:00,patch-1x,0.06 mg/day,unavailable,,https://www.costplusdrugs.com/medications/climara-0_06mg-24hr-patch-weekly-4/
2026-08-09T13:39:52+00:00,patch-1x,0.075 mg/day,unavailable,,https://www.costplusdrugs.com/medications/climara-0_075mg-24hr-patch-weekly-4/
2026-08-09T13:39:52+00:00,patch-1x,0.1 mg/day,unavailable,,https://www.costplusdrugs.com/medications/climara-0_1mg-24hr-patch-weekly-4/
2026-08-09T13:39:52+00:00,gel,0.25 mg / 0.25 g,unavailable,,https://www.costplusdrugs.com/medications/estradiol-0_25mg-0_25g-gel-packet-divigel/
2026-08-09T13:39:52+00:00,gel,0.5 mg / 0.5 g,unavailable,,https://www.costplusdrugs.com/medications/estradiol-0_5mg-0_5g-gel-packet-divigel/
2026-08-09T13:39:52+00:00,gel,0.75 mg / 0.75 g,unavailable,,https://www.costplusdrugs.com/medications/estradiol-0_75mg-0_75g-gel-packet-divigel/
2026-08-09T13:39:52+00:00,gel,1 mg / 1 g,unavailable,,https://www.costplusdrugs.com/medications/estradiol-1mg-g-gel-packet-divigel/
2026-08-09T13:39:52+00:00,gel,1.25 mg / 1.25 g,unavailable,,https://www.costplusdrugs.com/medications/estradiol-1_25-mg_1_25gm-gel-37_5/
2026-08-09T13:39:52+00:00,omp,100 mg,unavailable,,https://www.costplusdrugs.com/medications/progesterone-100mg-capsule/
2026-08-09T13:39:52+00:00,omp,200 mg,unavailable,,https://www.costplusdrugs.com/medications/progesterone-200mg-capsule/
2026-08-10T03:12:12+00:00,patch-2x,0.025 mg/day,unavailable,$39.18,https://www.costplusdrugs.com/medications/estradioltwiceweekly-0_025mg-patch8pack/
2026-08-10T03:12:12+00:00,patch-2x,0.0375 mg/day,unavailable,,https://www.costplusdrugs.com/medications/estradioltwiceweekly-0_0375mg-patch8pack/
2026-08-10T03:12:12+00:00,patch-2x,0.05 mg/day,unavailable,,https://www.costplusdrugs.com/medications/estradioltwiceweekly-0_05mg-patch8pack/
2026-08-10T03:12:12+00:00,patch-2x,0.075 mg/day,unavailable,,https://www.costplusdrugs.com/medications/estradioltwiceweekly-0_075mg-patch8pack/
2026-08-10T03:12:12+00:00,patch-2x,0.1 mg/day (Dotti),unavailable,,https://www.costplusdrugs.com/medications/dotti-(estradiol-twice-weekly)-0_1-mg_24hr-box-of-8-patches-8/
2026-08-10T03:12:12+00:00,patch-1x,0.025 mg/day,unavailable,,https://www.costplusdrugs.com/medications/climara-0_025mg-24hr-patch-weekly-4/
2026-08-10T03:12:12+00:00,patch-1x,0.0375 mg/day,unavailable,,https://www.costplusdrugs.com/medications/climara-0_0375mg-24hr-patch-weekly-4/
2026-08-10T03:12:12+00:00,patch-1x,0.05 mg/day,unavailable,,https://www.costplusdrugs.com/medications/climara-0_05mg-24hr-patch-weekly-4/
2026-08-10T03:12:12+00:00,patch-1x,0.06 mg/day,unavailable,,https://www.costplusdrugs.com/medications/climara-0_06mg-24hr-patch-weekly-4/
2026-08-10T03:12:12+00:00,patch-1x,0.075 mg/day,unavailable,,https://www.costplusdrugs.com/medications/climara-0_075mg-24hr-patch-weekly-4/
2026-08-10T03:12:12+00:00,patch-1x,0.1 mg/day,unavailable,,https://www.costplusdrugs.com/medications/climara-0_1mg-24hr-patch-weekly-4/
2026-08-10T03:12:12+00:00,gel,0.25 mg / 0.25 g,unavailable,,https://www.costplusdrugs.com/medications/estradiol-0_25mg-0_25g-gel-packet-divigel/
2026-08-10T03:12:12+00:00,gel,0.5 mg / 0.5 g,unavailable,,https://www.costplusdrugs.com/medications/estradiol-0_5mg-0_5g-gel-packet-divigel/
2026-08-10T03:12:12+00:00,gel,0.75 mg / 0.75 g,unavailable,,https://www.costplusdrugs.com/medications/estradiol-0_75mg-0_75g-gel-packet-divigel/
2026-08-10T03:12:12+00:00,gel,1 mg / 1 g,unavailable,,https://www.costplusdrugs.com/medications/estradiol-1mg-g-gel-packet-divigel/
2026-08-10T03:12:12+00:00,gel,1.25 mg / 1.25 g,unavailable,,https://www.costplusdrugs.com/medications/estradiol-1_25-mg_1_25gm-gel-37_5/
2026-08-10T03:12:12+00:00,omp,100 mg,unavailable,,https://www.costplusdrugs.com/medications/progesterone-100mg-capsule/
2026-08-10T03:12:12+00:00,omp,200 mg,unavailable,,https://www.costplusdrugs.com/medications/progesterone-200mg-capsule/
2026-08-10T14:10:30+00:00,patch-2x,0.025 mg/day,unavailable,$39.18,https://www.costplusdrugs.com/medications/estradioltwiceweekly-0_025mg-patch8pack/
2026-08-10T14:10:30+00:00,patch-2x,0.0375 mg/day,unavailable,,https://www.costplusdrugs.com/medications/estradioltwiceweekly-0_0375mg-patch8pack/
2026-08-10T14:10:30+00:00,patch-2x,0.05 mg/day,unavailable,,https://www.costplusdrugs.com/medications/estradioltwiceweekly-0_05mg-patch8pack/
2026-08-10T14:10:30+00:00,patch-2x,0.075 mg/day,unavailable,,https://www.costplusdrugs.com/medications/estradioltwiceweekly-0_075mg-patch8pack/
2026-08-10T14:10:30+00:00,patch-2x,0.1 mg/day (Dotti),unavailable,,https://www.costplusdrugs.com/medications/dotti-(estradiol-twice-weekly)-0_1-mg_24hr-box-of-8-patches-8/
2026-08-10T14:10:30+00:00,patch-1x,0.025 mg/day,unavailable,,https://www.costplusdrugs.com/medications/climara-0_025mg-24hr-patch-weekly-4/
2026-08-10T14:10:30+00:00,patch-1x,0.0375 mg/day,unavailable,,https://www.costplusdrugs.com/medications/climara-0_0375mg-24hr-patch-weekly-4/
2026-08-10T14:10:30+00:00,patch-1x,0.05 mg/day,unavailable,,https://www.costplusdrugs.com/medications/climara-0_05mg-24hr-patch-weekly-4/
2026-08-10T14:10:30+00:00,patch-1x,0.06 mg/day,unavailable,,https://www.costplusdrugs.com/medications/climara-0_06mg-24hr-patch-weekly-4/
2026-08-10T14:10:30+00:00,patch-1x,0.075 mg/day,unavailable,,https://www.costplusdrugs.com/medications/climara-0_075mg-24hr-patch-weekly-4/
2026-08-10T14:10:30+00:00,patch-1x,0.1 mg/day,unavailable,,https://www.costplusdrugs.com/medications/climara-0_1mg-24hr-patch-weekly-4/
2026-08-10T14:10:30+00:00,gel,0.25 mg / 0.25 g,unavailable,,https://www.costplusdrugs.com/medications/estradiol-0_25mg-0_25g-gel-packet-divigel/
2026-08-10T14:10:30+00:00,gel,0.5 mg / 0.5 g,unavailable,,https://www.costplusdrugs.com/medications/estradiol-0_5mg-0_5g-gel-packet-divigel/
2026-08-10T14:10:30+00:00,gel,0.75 mg / 0.75 g,unavailable,,https://www.costplusdrugs.com/medications/estradiol-0_75mg-0_75g-gel-packet-divigel/
2026-08-10T14:10:30+00:00,gel,1 mg / 1 g,unavailable,,https://www.costplusdrugs.com/medications/estradiol-1mg-g-gel-packet-divigel/
2026-08-10T14:10:30+00:00,gel,1.25 mg / 1.25 g,unavailable,,https://www.costplusdrugs.com/medications/estradiol-1_25-mg_1_25gm-gel-37_5/
2026-08-10T14:10:30+00:00,omp,100 mg,unavailable,,https://www.costplusdrugs.com/medications/progesterone-100mg-capsule/
2026-08-10T14:10:30+00:00,omp,200 mg,unavailable,,https://www.costplusdrugs.com/medications/progesterone-200mg-capsule/
2026-08-11T03:04:52+00:00,patch-2x,0.025 mg/day,unavailable,$39.18,https://www.costplusdrugs.com/medications/estradioltwiceweekly-0_025mg-patch8pack/
2026-08-11T03:04:52+00:00,patch-2x,0.0375 mg/day,unavailable,,https://www.costplusdrugs.com/medications/estradioltwiceweekly-0_0375mg-patch8pack/
2026-08-11T03:04:52+00:00,patch-2x,0.05 mg/day,unavailable,,https://www.costplusdrugs.com/medications/estradioltwiceweekly-0_05mg-patch8pack/
2026-08-11T03:04:52+00:00,patch-2x,0.075 mg/day,unavailable,,https://www.costplusdrugs.com/medications/estradioltwiceweekly-0_075mg-patch8pack/
2026-08-11T03:04:52+00:00,patch-2x,0.1 mg/day (Dotti),unavailable,,https://www.costplusdrugs.com/medications/dotti-(estradiol-twice-weekly)-0_1-mg_24hr-box-of-8-patches-8/
2026-08-11T03:04:52+00:00,patch-1x,0.025 mg/day,unavailable,,https://www.costplusdrugs.com/medications/climara-0_025mg-24hr-patch-weekly-4/
2026-08-11T03:04:52+00:00,patch-1x,0.0375 mg/day,unavailable,,https://www.costplusdrugs.com/medications/climara-0_0375mg-24hr-patch-weekly-4/
2026-08-11T03:04:52+00:00,patch-1x,0.05 mg/day,unavailable,,https://www.costplusdrugs.com/medications/climara-0_05mg-24hr-patch-weekly-4/
2026-08-11T03:04:52+00:00,patch-1x,0.06 mg/day,unavailable,,https://www.costplusdrugs.com/medications/climara-0_06mg-24hr-patch-weekly-4/
2026-08-11T03:04:52+00:00,patch-1x,0.075 mg/day,unavailable,,https://www.costplusdrugs.com/medications/climara-0_075mg-24hr-patch-weekly-4/
2026-08-11T03:04:52+00:00,patch-1x,0.1 mg/day,unavailable,,https://www.costplusdrugs.com/medications/climara-0_1mg-24hr-patch-weekly-4/
2026-08-11T03:04:52+00:00,gel,0.25 mg / 0.25 g,unavailable,,https://www.costplusdrugs.com/medications/estradiol-0_25mg-0_25g-gel-packet-divigel/
2026-08-11T03:04:52+00:00,gel,0.5 mg / 0.5 g,unavailable,,https://www.costplusdrugs.com/medications/estradiol-0_5mg-0_5g-gel-packet-divigel/
2026-08-11T03:04:52+00:00,gel,0.75 mg / 0.75 g,unavailable,,https://www.costplusdrugs.com/medications/estradiol-0_75mg-0_75g-gel-packet-divigel/
2026-08-11T03:04:52+00:00,gel,1 mg / 1 g,unavailable,,https://www.costplusdrugs.com/medications/estradiol-1mg-g-gel-packet-divigel/
2026-08-11T03:04:52+00:00,gel,1.25 mg / 1.25 g,unavailable,,https://www.costplusdrugs.com/medications/estradiol-1_25-mg_1_25gm-gel-37_5/
2026-08-11T03:04:52+00:00,omp,100 mg,unavailable,,https://www.costplusdrugs.com/medications/progesterone-100mg-capsule/
2026-08-11T03:04:52+00:00,omp,200 mg,unavailable,,https://www.costplusdrugs.com/medications/progesterone-200mg-capsule/
2026-08-11T14:10:08+00:00,patch-2x,0.025 mg/day,unavailable,$39.18,https://www.costplusdrugs.com/medications/estradioltwiceweekly-0_025mg-patch8pack/
2026-08-11T14:10:08+00:00,patch-2x,0.0375 mg/day,unavailable,,https://www.costplusdrugs.com/medications/estradioltwiceweekly-0_0375mg-patch8pack/
2026-08-11T14:10:08+00:00,patch-2x,0.05 mg/day,unavailable,,https://www.costplusdrugs.com/medications/estradioltwiceweekly-0_05mg-patch8pack/
2026-08-11T14:10:08+00:00,patch-2x,0.075 mg/day,unavailable,,https://www.costplusdrugs.com/medications/estradioltwiceweekly-0_075mg-patch8pack/
2026-08-11T14:10:08+00:00,patch-2x,0.1 mg/day (Dotti),unavailable,,https://www.costplusdrugs.com/medications/dotti-(estradiol-twice-weekly)-0_1-mg_24hr-box-of-8-patches-8/
2026-08-11T14:10:08+00:00,patch-1x,0.025 mg/day,unavailable,,https://www.costplusdrugs.com/medications/climara-0_025mg-24hr-patch-weekly-4/
2026-08-11T14:10:08+00:00,patch-1x,0.0375 mg/day,unavailable,,https://www.costplusdrugs.com/medications/climara-0_0375mg-24hr-patch-weekly-4/
2026-08-11T14:10:08+00:00,patch-1x,0.05 mg/day,unavailable,,https://www.costplusdrugs.com/medications/climara-0_05mg-24hr-patch-weekly-4/
2026-08-11T14:10:08+00:00,patch-1x,0.06 mg/day,unavailable,,https://www.costplusdrugs.com/medications/climara-0_06mg-24hr-patch-weekly-4/
2026-08-11T14:10:08+00:00,patch-1x,0.075 mg/day,unavailable,,https://www.costplusdrugs.com/medications/climara-0_075mg-24hr-patch-weekly-4/
2026-08-11T14:10:08+00:00,patch-1x,0.1 mg/day,unavailable,,https://www.costplusdrugs.com/medications/climara-0_1mg-24hr-patch-weekly-4/
2026-08-11T14:10:08+00:00,gel,0.25 mg / 0.25 g,unavailable,,https://www.costplusdrugs.com/medications/estradiol-0_25mg-0_25g-gel-packet-divigel/
2026-08-11T14:10:08+00:00,gel,0.5 mg / 0.5 g,unavailable,,https://www.costplusdrugs.com/medications/estradiol-0_5mg-0_5g-gel-packet-divigel/
2026-08-11T14:10:08+00:00,gel,0.75 mg / 0.75 g,unavailable,,https://www.costplusdrugs.com/medications/estradiol-0_75mg-0_75g-gel-packet-divigel/
2026-08-11T14:10:08+00:00,gel,1 mg / 1 g,unavailable,,https://www.costplusdrugs.com/medications/estradiol-1mg-g-gel-packet-divigel/
2026-08-11T14:10:08+00:00,gel,1.25 mg / 1.25 g,unavailable,,https://www.costplusdrugs.com/medications/estradiol-1_25-mg_1_25gm-gel-37_5/
2026-08-11T14:10:08+00:00,omp,100 mg,unavailable,,https://www.costplusdrugs.com/medications/progesterone-100mg-capsule/
2026-08-11T14:10:08+00:00,omp,200 mg,unavailable,,https://www.costplusdrugs.com/medications/progesterone-200mg-capsule/
2026-08-12T03:23:42+00:00,patch-2x,0.025 mg/day,unavailable,$39.18,https://www.costplusdrugs.com/medications/estradioltwiceweekly-0_025mg-patch8pack/
2026-08-12T03:23:42+00:00,patch-2x,0.0375 mg/day,unavailable,,https://www.costplusdrugs.com/medications/estradioltwiceweekly-0_0375mg-patch8pack/
2026-08-12T03:23:42+00:00,patch-2x,0.05 mg/day,unavailable,,https://www.costplusdrugs.com/medications/estradioltwiceweekly-0_05mg-patch8pack/
2026-08-12T03:23:42+00:00,patch-2x,0.075 mg/day,unavailable,,https://www.costplusdrugs.com/medications/estradioltwiceweekly-0_075mg-patch8pack/
2026-08-12T03:23:42+00:00,patch-2x,0.1 mg/day (Dotti),unavailable,,https://www.costplusdrugs.com/medications/dotti-(estradiol-twice-weekly)-0_1-mg_24hr-box-of-8-patches-8/
2026-08-12T03:23:42+00:00,patch-1x,0.025 mg/day,unavailable,,https://www.costplusdrugs.com/medications/climara-0_025mg-24hr-patch-weekly-4/
2026-08-12T03:23:42+00:00,patch-1x,0.0375 mg/day,unavailable,,https://www.costplusdrugs.com/medications/climara-0_0375mg-24hr-patch-weekly-4/
2026-08-12T03:23:42+00:00,patch-1x,0.05 mg/day,unavailable,,https://www.costplusdrugs.com/medications/climara-0_05mg-24hr-patch-weekly-4/
2026-08-12T03:23:42+00:00,patch-1x,0.06 mg/day,unavailable,,https://www.costplusdrugs.com/medications/climara-0_06mg-24hr-patch-weekly-4/
2026-08-12T03:23:42+00:00,patch-1x,0.075 mg/day,unavailable,,https://www.costplusdrugs.com/medications/climara-0_075mg-24hr-patch-weekly-4/
2026-08-12T03:23:42+00:00,patch-1x,0.1 mg/day,unavailable,,https://www.costplusdrugs.com/medications/climara-0_1mg-24hr-patch-weekly-4/
2026-08-12T03:23:42+00:00,gel,0.25 mg / 0.25 g,unavailable,,https://www.costplusdrugs.com/medications/estradiol-0_25mg-0_25g-gel-packet-divigel/
2026-08-12T03:23:42+00:00,gel,0.5 mg / 0.5 g,unavailable,,https://www.costplusdrugs.com/medications/estradiol-0_5mg-0_5g-gel-packet-divigel/
2026-08-12T03:23:42+00:00,gel,0.75 mg / 0.75 g,unavailable,,https://www.costplusdrugs.com/medications/estradiol-0_75mg-0_75g-gel-packet-divigel/
2026-08-12T03:23:42+00:00,gel,1 mg / 1 g,unavailable,,https://www.costplusdrugs.com/medications/estradiol-1mg-g-gel-packet-divigel/
2026-08-12T03:23:42+00:00,gel,1.25 mg / 1.25 g,unavailable,,https://www.costplusdrugs.com/medications/estradiol-1_25-mg_1_25gm-gel-37_5/
2026-08-12T03:23:42+00:00,omp,100 mg,unavailable,,https://www.costplusdrugs.com/medications/progesterone-100mg-capsule/
2026-08-12T03:23:42+00:00,omp,200 mg,unavailable,,https://www.costplusdrugs.com/medications/progesterone-200mg-capsule/
2026-08-12T14:11:14+00:00,patch-2x,0.025 mg/day,unavailable,$39.18,https://www.costplusdrugs.com/medications/estradioltwiceweekly-0_025mg-patch8pack/
2026-08-12T14:11:14+00:00,patch-2x,0.0375 mg/day,unavailable,,https://www.costplusdrugs.com/medications/estradioltwiceweekly-0_0375mg-patch8pack/
2026-08-12T14:11:14+00:00,patch-2x,0.05 mg/day,unavailable,,https://www.costplusdrugs.com/medications/estradioltwiceweekly-0_05mg-patch8pack/
2026-08-12T14:11:14+00:00,patch-2x,0.075 mg/day,unavailable,,https://www.costplusdrugs.com/medications/estradioltwiceweekly-0_075mg-patch8pack/
2026-08-12T14:11:14+00:00,patch-2x,0.1 mg/day (Dotti),unavailable,,https://www.costplusdrugs.com/medications/dotti-(estradiol-twice-weekly)-0_1-mg_24hr-box-of-8-patches-8/
2026-08-12T14:11:14+00:00,patch-1x,0.025 mg/day,unavailable,,https://www.costplusdrugs.com/medications/climara-0_025mg-24hr-patch-weekly-4/
2026-08-12T14:11:14+00:00,patch-1x,0.0375 mg/day,unavailable,,https://www.costplusdrugs.com/medications/climara-0_0375mg-24hr-patch-weekly-4/
2026-08-12T14:11:14+00:00,patch-1x,0.05 mg/day,unavailable,,https://www.costplusdrugs.com/medications/climara-0_05mg-24hr-patch-weekly-4/
2026-08-12T14:11:14+00:00,patch-1x,0.06 mg/day,unavailable,,https://www.costplusdrugs.com/medications/climara-0_06mg-24hr-patch-weekly-4/
2026-08-12T14:11:14+00:00,patch-1x,0.075 mg/day,unavailable,,https://www.costplusdrugs.com/medications/climara-0_075mg-24hr-patch-weekly-4/
2026-08-12T14:11:14+00:00,patch-1x,0.1 mg/day,unavailable,,https://www.costplusdrugs.com/medications/climara-0_1mg-24hr-patch-weekly-4/
2026-08-12T14:11:14+00:00,gel,0.25 mg / 0.25 g,unavailable,,https://www.costplusdrugs.com/medications/estradiol-0_25mg-0_25g-gel-packet-divigel/
2026-08-12T14:11:14+00:00,gel,0.5 mg / 0.5 g,unavailable,,https://www.costplusdrugs.com/medications/estradiol-0_5mg-0_5g-gel-packet-divigel/
2026-08-12T14:11:14+00:00,gel,0.75 mg / 0.75 g,unavailable,,https://www.costplusdrugs.com/medications/estradiol-0_75mg-0_75g-gel-packet-divigel/
2026-08-12T14:11:14+00:00,gel,1 mg / 1 g,unavailable,,https://www.costplusdrugs.com/medications/estradiol-1mg-g-gel-packet-divigel/
2026-08-12T14:11:14+00:00,gel,1.25 mg / 1.25 g,unavailable,,https://www.costplusdrugs.com/medications/estradiol-1_25-mg_1_25gm-gel-37_5/
2026-08-12T14:11:14+00:00,omp,100 mg,unavailable,,https://www.costplusdrugs.com/medications/progesterone-100mg-capsule/
2026-08-12T14:11:14+00:00,omp,200 mg,unavailable,,https://www.costplusdrugs.com/medications/progesterone-200mg-capsule/
2026-08-13T03:27:52+00:00,patch-2x,0.025 mg/day,unavailable,$39.18,https://www.costplusdrugs.com/medications/estradioltwiceweekly-0_025mg-patch8pack/
2026-08-13T03:27:52+00:00,patch-2x,0.0375 mg/day,unavailable,,https://www.costplusdrugs.com/medications/estradioltwiceweekly-0_0375mg-patch8pack/
2026-08-13T03:27:52+00:00,patch-2x,0.05 mg/day,unavailable,,https://www.costplusdrugs.com/medications/estradioltwiceweekly-0_05mg-patch8pack/
2026-08-13T03:27:52+00:00,patch-2x,0.075 mg/day,unavailable,,https://www.costplusdrugs.com/medications/estradioltwiceweekly-0_075mg-patch8pack/
2026-08-13T03:27:52+00:00,patch-2x,0.1 mg/day (Dotti),unavailable,,https://www.costplusdrugs.com/medications/dotti-(estradiol-twice-weekly)-0_1-mg_24hr-box-of-8-patches-8/
2026-08-13T03:27:52+00:00,patch-1x,0.025 mg/day,unavailable,,https://www.costplusdrugs.com/medications/climara-0_025mg-24hr-patch-weekly-4/
2026-08-13T03:27:52+00:00,patch-1x,0.0375 mg/day,unavailable,,https://www.costplusdrugs.com/medications/climara-0_0375mg-24hr-patch-weekly-4/
2026-08-13T03:27:52+00:00,patch-1x,0.05 mg/day,unavailable,,https://www.costplusdrugs.com/medications/climara-0_05mg-24hr-patch-weekly-4/
2026-08-13T03:27:52+00:00,patch-1x,0.06 mg/day,unavailable,,https://www.costplusdrugs.com/medications/climara-0_06mg-24hr-patch-weekly-4/
2026-08-13T03:27:52+00:00,patch-1x,0.075 mg/day,unavailable,,https://www.costplusdrugs.com/medications/climara-0_075mg-24hr-patch-weekly-4/
2026-08-13T03:27:52+00:00,patch-1x,0.1 mg/day,unavailable,,https://www.costplusdrugs.com/medications/climara-0_1mg-24hr-patch-weekly-4/
2026-08-13T03:27:52+00:00,gel,0.25 mg / 0.25 g,unavailable,,https://www.costplusdrugs.com/medications/estradiol-0_25mg-0_25g-gel-packet-divigel/
2026-08-13T03:27:52+00:00,gel,0.5 mg / 0.5 g,unavailable,,https://www.costplusdrugs.com/medications/estradiol-0_5mg-0_5g-gel-packet-divigel/
2026-08-13T03:27:52+00:00,gel,0.75 mg / 0.75 g,unavailable,,https://www.costplusdrugs.com/medications/estradiol-0_75mg-0_75g-gel-packet-divigel/
2026-08-13T03:27:52+00:00,gel,1 mg / 1 g,unavailable,,https://www.costplusdrugs.com/medications/estradiol-1mg-g-gel-packet-divigel/
2026-08-13T03:27:52+00:00,gel,1.25 mg / 1.25 g,unavailable,,https://www.costplusdrugs.com/medications/estradiol-1_25-mg_1_25gm-gel-37_5/
2026-08-13T03:27:52+00:00,omp,100 mg,unavailable,,https://www.costplusdrugs.com/medications/progesterone-100mg-capsule/
2026-08-13T03:27:52+00:00,omp,200 mg,unavailable,,https://www.costplusdrugs.com/medications/progesterone-200mg-capsule/
2026-08-13T14:12:47+00:00,patch-2x,0.025 mg/day,unavailable,$39.18,https://www.costplusdrugs.com/medications/estradioltwiceweekly-0_025mg-patch8pack/
2026-08-13T14:12:47+00:00,patch-2x,0.0375 mg/day,unavailable,,https://www.costplusdrugs.com/medications/estradioltwiceweekly-0_0375mg-patch8pack/
2026-08-13T14:12:47+00:00,patch-2x,0.05 mg/day,unavailable,,https://www.costplusdrugs.com/medications/estradioltwiceweekly-0_05mg-patch8pack/
2026-08-13T14:12:47+00:00,patch-2x,0.075 mg/day,unavailable,,https://www.costplusdrugs.com/medications/estradioltwiceweekly-0_075mg-patch8pack/
2026-08-13T14:12:47+00:00,patch-2x,0.1 mg/day (Dotti),unavailable,,https://www.costplusdrugs.com/medications/dotti-(estradiol-twice-weekly)-0_1-mg_24hr-box-of-8-patches-8/
2026-08-13T14:12:47+00:00,patch-1x,0.025 mg/day,unavailable,,https://www.costplusdrugs.com/medications/climara-0_025mg-24hr-patch-weekly-4/
2026-08-13T14:12:47+00:00,patch-1x,0.0375 mg/day,unavailable,,https://www.costplusdrugs.com/medications/climara-0_0375mg-24hr-patch-weekly-4/
2026-08-13T14:12:47+00:00,patch-1x,0.05 mg/day,unavailable,,https://www.costplusdrugs.com/medications/climara-0_05mg-24hr-patch-weekly-4/
2026-08-13T14:12:47+00:00,patch-1x,0.06 mg/day,unavailable,,https://www.costplusdrugs.com/medications/climara-0_06mg-24hr-patch-weekly-4/
2026-08-13T14:12:47+00:00,patch-1x,0.075 mg/day,unavailable,,https://www.costplusdrugs.com/medications/climara-0_075mg-24hr-patch-weekly-4/
2026-08-13T14:12:47+00:00,patch-1x,0.1 mg/day,unavailable,,https://www.costplusdrugs.com/medications/climara-0_1mg-24hr-patch-weekly-4/
2026-08-13T14:12:47+00:00,gel,0.25 mg / 0.25 g,unavailable,,https://www.costplusdrugs.com/medications/estradiol-0_25mg-0_25g-gel-packet-divigel/
2026-08-13T14:12:47+00:00,gel,0.5 mg / 0.5 g,unavailable,,https://www.costplusdrugs.com/medications/estradiol-0_5mg-0_5g-gel-packet-divigel/
2026-08-13T14:12:47+00:00,gel,0.75 mg / 0.75 g,unavailable,,https://www.costplusdrugs.com/medications/estradiol-0_75mg-0_75g-gel-packet-divigel/
2026-08-13T14:12:47+00:00,gel,1 mg / 1 g,unavailable,,https://www.costplusdrugs.com/medications/estradiol-1mg-g-gel-packet-divigel/
2026-08-13T14:12:47+00:00,gel,1.25 mg / 1.25 g,unavailable,,https://www.costplusdrugs.com/medications/estradiol-1_25-mg_1_25gm-gel-37_5/
2026-08-13T14:12:47+00:00,omp,100 mg,unavailable,,https://www.costplusdrugs.com/medications/progesterone-100mg-capsule/
2026-08-13T14:12:47+00:00,omp,200 mg,unavailable,,https://www.costplusdrugs.com/medications/progesterone-200mg-capsule/
2026-08-14T03:24:52+00:00,patch-2x,0.025 mg/day,unavailable,$39.18,https://www.costplusdrugs.com/medications/estradioltwiceweekly-0_025mg-patch8pack/
2026-08-14T03:24:52+00:00,patch-2x,0.0375 mg/day,unavailable,,https://www.costplusdrugs.com/medications/estradioltwiceweekly-0_0375mg-patch8pack/
2026-08-14T03:24:52+00:00,patch-2x,0.05 mg/day,unavailable,,https://www.costplusdrugs.com/medications/estradioltwiceweekly-0_05mg-patch8pack/
2026-08-14T03:24:52+00:00,patch-2x,0.075 mg/day,unavailable,,https://www.costplusdrugs.com/medications/estradioltwiceweekly-0_075mg-patch8pack/
2026-08-14T03:24:52+00:00,patch-2x,0.1 mg/day (Dotti),unavailable,,https://www.costplusdrugs.com/medications/dotti-(estradiol-twice-weekly)-0_1-mg_24hr-box-of-8-patches-8/
2026-08-14T03:24:52+00:00,patch-1x,0.025 mg/day,unavailable,,https://www.costplusdrugs.com/medications/climara-0_025mg-24hr-patch-weekly-4/
2026-08-14T03:24:52+00:00,patch-1x,0.0375 mg/day,unavailable,,https://www.costplusdrugs.com/medications/climara-0_0375mg-24hr-patch-weekly-4/
2026-08-14T03:24:52+00:00,patch-1x,0.05 mg/day,unavailable,,https://www.costplusdrugs.com/medications/climara-0_05mg-24hr-patch-weekly-4/
2026-08-14T03:24:52+00:00,patch-1x,0.06 mg/day,unavailable,,https://www.costplusdrugs.com/medications/climara-0_06mg-24hr-patch-weekly-4/
2026-08-14T03:24:52+00:00,patch-1x,0.075 mg/day,unavailable,,https://www.costplusdrugs.com/medications/climara-0_075mg-24hr-patch-weekly-4/
2026-08-14T03:24:52+00:00,patch-1x,0.1 mg/day,unavailable,,https://www.costplusdrugs.com/medications/climara-0_1mg-24hr-patch-weekly-4/
2026-08-14T03:24:52+00:00,gel,0.25 mg / 0.25 g,unavailable,,https://www.costplusdrugs.com/medications/estradiol-0_25mg-0_25g-gel-packet-divigel/
2026-08-14T03:24:52+00:00,gel,0.5 mg / 0.5 g,unavailable,,https://www.costplusdrugs.com/medications/estradiol-0_5mg-0_5g-gel-packet-divigel/
2026-08-14T03:24:52+00:00,gel,0.75 mg / 0.75 g,unavailable,,https://www.costplusdrugs.com/medications/estradiol-0_75mg-0_75g-gel-packet-divigel/
2026-08-14T03:24:52+00:00,gel,1 mg / 1 g,unavailable,,https://www.costplusdrugs.com/medications/estradiol-1mg-g-gel-packet-divigel/
2026-08-14T03:24:52+00:00,gel,1.25 mg / 1.25 g,unavailable,,https://www.costplusdrugs.com/medications/estradiol-1_25-mg_1_25gm-gel-37_5/
2026-08-14T03:24:52+00:00,omp,100 mg,unavailable,,https://www.costplusdrugs.com/medications/progesterone-100mg-capsule/
2026-08-14T03:24:52+00:00,omp,200 mg,unavailable,,https://www.costplusdrugs.com/medications/progesterone-200mg-capsule/
2026-08-14T14:06:40+00:00,patch-2x,0.025 mg/day,unavailable,$39.18,https://www.costplusdrugs.com/medications/estradioltwiceweekly-0_025mg-patch8pack/
2026-08-14T14:06:40+00:00,patch-2x,0.0375 mg/day,unavailable,,https://www.costplusdrugs.com/medications/estradioltwiceweekly-0_0375mg-patch8pack/
2026-08-14T14:06:40+00:00,patch-2x,0.05 mg/day,unavailable,,https://www.costplusdrugs.com/medications/estradioltwiceweekly-0_05mg-patch8pack/
2026-08-14T14:06:40+00:00,patch-2x,0.075 mg/day,unavailable,,https://www.costplusdrugs.com/medications/estradioltwiceweekly-0_075mg-patch8pack/
2026-08-14T14:06:40+00:00,patch-2x,0.1 mg/day (Dotti),unavailable,,https://www.costplusdrugs.com/medications/dotti-(estradiol-twice-weekly)-0_1-mg_24hr-box-of-8-patches-8/
2026-08-14T14:06:40+00:00,patch-1x,0.025 mg/day,unavailable,,https://www.costplusdrugs.com/medications/climara-0_025mg-24hr-patch-weekly-4/
2026-08-14T14:06:40+00:00,patch-1x,0.0375 mg/day,unavailable,,https://www.costplusdrugs.com/medications/climara-0_0375mg-24hr-patch-weekly-4/
2026-08-14T14:06:40+00:00,patch-1x,0.05 mg/day,unavailable,,https://www.costplusdrugs.com/medications/climara-0_05mg-24hr-patch-weekly-4/
2026-08-14T14:06:40+00:00,patch-1x,0.06 mg/day,unavailable,,https://www.costplusdrugs.com/medications/climara-0_06mg-24hr-patch-weekly-4/
2026-08-14T14:06:40+00:00,patch-1x,0.075 mg/day,unavailable,,https://www.costplusdrugs.com/medications/climara-0_075mg-24hr-patch-weekly-4/
2026-08-14T14:06:40+00:00,patch-1x,0.1 mg/day,unavailable,,https://www.costplusdrugs.com/medications/climara-0_1mg-24hr-patch-weekly-4/
2026-08-14T14:06:40+00:00,gel,0.25 mg / 0.25 g,unavailable,,https://www.costplusdrugs.com/medications/estradiol-0_25mg-0_25g-gel-packet-divigel/
2026-08-14T14:06:40+00:00,gel,0.5 mg / 0.5 g,unavailable,,https://www.costplusdrugs.com/medications/estradiol-0_5mg-0_5g-gel-packet-divigel/
2026-08-14T14:06:40+00:00,gel,0.75 mg / 0.75 g,unavailable,,https://www.costplusdrugs.com/medications/estradiol-0_75mg-0_75g-gel-packet-divigel/
2026-08-14T14:06:40+00:00,gel,1 mg / 1 g,unavailable,,https://www.costplusdrugs.com/medications/estradiol-1mg-g-gel-packet-divigel/
2026-08-14T14:06:40+00:00,gel,1.25 mg / 1.25 g,unavailable,,https://www.costplusdrugs.com/medications/estradiol-1_25-mg_1_25gm-gel-37_5/
2026-08-14T14:06:40+00:00,omp,100 mg,unavailable,,https://www.costplusdrugs.com/medications/progesterone-100mg-capsule/
2026-08-14T14:06:40+00:00,omp,200 mg,unavailable,,https://www.costplusdrugs.com/medications/progesterone-200mg-capsule/
2026-08-15T02:14:12+00:00,patch-2x,0.025 mg/day,unavailable,$39.18,https://www.costplusdrugs.com/medications/estradioltwiceweekly-0_025mg-patch8pack/
2026-08-15T02:14:12+00:00,patch-2x,0.0375 mg/day,unavailable,,https://www.costplusdrugs.com/medications/estradioltwiceweekly-0_0375mg-patch8pack/
2026-08-15T02:14:12+00:00,patch-2x,0.05 mg/day,unavailable,,https://www.costplusdrugs.com/medications/estradioltwiceweekly-0_05mg-patch8pack/
2026-08-15T02:14:12+00:00,patch-2x,0.075 mg/day,unavailable,,https://www.costplusdrugs.com/medications/estradioltwiceweekly-0_075mg-patch8pack/
2026-08-15T02:14:12+00:00,patch-2x,0.1 mg/day (Dotti),unavailable,,https://www.costplusdrugs.com/medications/dotti-(estradiol-twice-weekly)-0_1-mg_24hr-box-of-8-patches-8/
2026-08-15T02:14:12+00:00,patch-1x,0.025 mg/day,unavailable,,https://www.costplusdrugs.com/medications/climara-0_025mg-24hr-patch-weekly-4/
2026-08-15T02:14:12+00:00,patch-1x,0.0375 mg/day,unavailable,,https://www.costplusdrugs.com/medications/climara-0_0375mg-24hr-patch-weekly-4/
2026-08-15T02:14:12+00:00,patch-1x,0.05 mg/day,unavailable,,https://www.costplusdrugs.com/medications/climara-0_05mg-24hr-patch-weekly-4/
2026-08-15T02:14:12+00:00,patch-1x,0.06 mg/day,unavailable,,https://www.costplusdrugs.com/medications/climara-0_06mg-24hr-patch-weekly-4/
2026-08-15T02:14:12+00:00,patch-1x,0.075 mg/day,unavailable,,https://www.costplusdrugs.com/medications/climara-0_075mg-24hr-patch-weekly-4/
2026-08-15T02:14:12+00:00,patch-1x,0.1 mg/day,unavailable,,https://www.costplusdrugs.com/medications/climara-0_1mg-24hr-patch-weekly-4/
2026-08-15T02:14:12+00:00,gel,0.25 mg / 0.25 g,unavailable,,https://www.costplusdrugs.com/medications/estradiol-0_25mg-0_25g-gel-packet-divigel/
2026-08-15T02:14:12+00:00,gel,0.5 mg / 0.5 g,unavailable,,https://www.costplusdrugs.com/medications/estradiol-0_5mg-0_5g-gel-packet-divigel/
2026-08-15T02:14:12+00:00,gel,0.75 mg / 0.75 g,unavailable,,https://www.costplusdrugs.com/medications/estradiol-0_75mg-0_75g-gel-packet-divigel/
2026-08-15T02:14:12+00:00,gel,1 mg / 1 g,unavailable,,https://www.costplusdrugs.com/medications/estradiol-1mg-g-gel-packet-divigel/
2026-08-15T02:14:12+00:00,gel,1.25 mg / 1.25 g,unavailable,,https://www.costplusdrugs.com/medications/estradiol-1_25-mg_1_25gm-gel-37_5/
2026-08-15T02:14:12+00:00,omp,100 mg,unavailable,,https://www.costplusdrugs.com/medications/progesterone-100mg-capsule/
2026-08-15T02:14:12+00:00,omp,200 mg,unavailable,,https://www.costplusdrugs.com/medications/progesterone-200mg-capsule/
2026-08-15T13:21:43+00:00,patch-2x,0.025 mg/day,unavailable,$39.18,https://www.costplusdrugs.com/medications/estradioltwiceweekly-0_025mg-patch8pack/
2026-08-15T13:21:43+00:00,patch-2x,0.0375 mg/day,unavailable,,https://www.costplusdrugs.com/medications/estradioltwiceweekly-0_0375mg-patch8pack/
2026-08-15T13:21:43+00:00,patch-2x,0.05 mg/day,unavailable,,https://www.costplusdrugs.com/medications/estradioltwiceweekly-0_05mg-patch8pack/
2026-08-15T13:21:43+00:00,patch-2x,0.075 mg/day,unavailable,,https://www.costplusdrugs.com/medications/estradioltwiceweekly-0_075mg-patch8pack/
2026-08-15T13:21:43+00:00,patch-2x,0.1 mg/day (Dotti),unavailable,,https://www.costplusdrugs.com/medications/dotti-(estradiol-twice-weekly)-0_1-mg_24hr-box-of-8-patches-8/
2026-08-15T13:21:43+00:00,patch-1x,0.025 mg/day,unavailable,,https://www.costplusdrugs.com/medications/climara-0_025mg-24hr-patch-weekly-4/
2026-08-15T13:21:43+00:00,patch-1x,0.0375 mg/day,unavailable,,https://www.costplusdrugs.com/medications/climara-0_0375mg-24hr-patch-weekly-4/
2026-08-15T13:21:43+00:00,patch-1x,0.05 mg/day,unavailable,,https://www.costplusdrugs.com/medications/climara-0_05mg-24hr-patch-weekly-4/
2026-08-15T13:21:43+00:00,patch-1x,0.06 mg/day,unavailable,,https://www.costplusdrugs.com/medications/climara-0_06mg-24hr-patch-weekly-4/
2026-08-15T13:21:43+00:00,patch-1x,0.075 mg/day,unavailable,,https://www.costplusdrugs.com/medications/climara-0_075mg-24hr-patch-weekly-4/
2026-08-15T13:21:43+00:00,patch-1x,0.1 mg/day,unavailable,,https://www.costplusdrugs.com/medications/climara-0_1mg-24hr-patch-weekly-4/
2026-08-15T13:21:43+00:00,gel,0.25 mg / 0.25 g,unavailable,,https://www.costplusdrugs.com/medications/estradiol-0_25mg-0_25g-gel-packet-divigel/
2026-08-15T13:21:43+00:00,gel,0.5 mg / 0.5 g,unavailable,,https://www.costplusdrugs.com/medications/estradiol-0_5mg-0_5g-gel-packet-divigel/
2026-08-15T13:21:43+00:00,gel,0.75 mg / 0.75 g,unavailable,,https://www.costplusdrugs.com/medications/estradiol-0_75mg-0_75g-gel-packet-divigel/
2026-08-15T13:21:43+00:00,gel,1 mg / 1 g,unavailable,,https://www.costplusdrugs.com/medications/estradiol-1mg-g-gel-packet-divigel/
2026-08-15T13:21:43+00:00,gel,1.25 mg / 1.25 g,unavailable,,https://www.costplusdrugs.com/medications/estradiol-1_25-mg_1_25gm-gel-37_5/
2026-08-15T13:21:43+00:00,omp,100 mg,unavailable,,https://www.costplusdrugs.com/medications/progesterone-100mg-capsule/
2026-08-15T13:21:43+00:00,omp,200 mg,unavailable,,https://www.costplusdrugs.com/medications/progesterone-200mg-capsule/
2026-08-16T02:21:14+00:00,patch-2x,0.025 mg/day,unavailable,$39.18,https://www.costplusdrugs.com/medications/estradioltwiceweekly-0_025mg-patch8pack/
2026-08-16T02:21:14+00:00,patch-2x,0.0375 mg/day,unavailable,,https://www.costplusdrugs.com/medications/estradioltwiceweekly-0_0375mg-patch8pack/
2026-08-16T02:21:14+00:00,patch-2x,0.05 mg/day,unavailable,,https://www.costplusdrugs.com/medications/estradioltwiceweekly-0_05mg-patch8pack/
2026-08-16T02:21:14+00:00,patch-2x,0.075 mg/day,unavailable,,https://www.costplusdrugs.com/medications/estradioltwiceweekly-0_075mg-patch8pack/
2026-08-16T02:21:14+00:00,patch-2x,0.1 mg/day (Dotti),unavailable,,https://www.costplusdrugs.com/medications/dotti-(estradiol-twice-weekly)-0_1-mg_24hr-box-of-8-patches-8/
2026-08-16T02:21:14+00:00,patch-1x,0.025 mg/day,unavailable,,https://www.costplusdrugs.com/medications/climara-0_025mg-24hr-patch-weekly-4/
2026-08-16T02:21:14+00:00,patch-1x,0.0375 mg/day,unavailable,,https://www.costplusdrugs.com/medications/climara-0_0375mg-24hr-patch-weekly-4/
2026-08-16T02:21:14+00:00,patch-1x,0.05 mg/day,unavailable,,https://www.costplusdrugs.com/medications/climara-0_05mg-24hr-patch-weekly-4/
2026-08-16T02:21:14+00:00,patch-1x,0.06 mg/day,unavailable,,https://www.costplusdrugs.com/medications/climara-0_06mg-24hr-patch-weekly-4/
2026-08-16T02:21:14+00:00,patch-1x,0.075 mg/day,unavailable,,https://www.costplusdrugs.com/medications/climara-0_075mg-24hr-patch-weekly-4/
2026-08-16T02:21:14+00:00,patch-1x,0.1 mg/day,unavailable,,https://www.costplusdrugs.com/medications/climara-0_1mg-24hr-patch-weekly-4/
2026-08-16T02:21:14+00:00,gel,0.25 mg / 0.25 g,unavailable,,https://www.costplusdrugs.com/medications/estradiol-0_25mg-0_25g-gel-packet-divigel/
2026-08-16T02:21:14+00:00,gel,0.5 mg / 0.5 g,unavailable,,https://www.costplusdrugs.com/medications/estradiol-0_5mg-0_5g-gel-packet-divigel/
2026-08-16T02:21:14+00:00,gel,0.75 mg / 0.75 g,unavailable,,https://www.costplusdrugs.com/medications/estradiol-0_75mg-0_75g-gel-packet-divigel/
2026-08-16T02:21:14+00:00,gel,1 mg / 1 g,unavailable,,https://www.costplusdrugs.com/medications/estradiol-1mg-g-gel-packet-divigel/
2026-08-16T02:21:14+00:00,gel,1.25 mg / 1.25 g,unavailable,,https://www.costplusdrugs.com/medications/estradiol-1_25-mg_1_25gm-gel-37_5/
2026-08-16T02:21:14+00:00,omp,100 mg,unavailable,,https://www.costplusdrugs.com/medications/progesterone-100mg-capsule/
2026-08-16T02:21:14+00:00,omp,200 mg,unavailable,,https://www.costplusdrugs.com/medications/progesterone-200mg-capsule/
2026-08-16T13:22:59+00:00,patch-2x,0.025 mg/day,unavailable,$39.18,https://www.costplusdrugs.com/medications/estradioltwiceweekly-0_025mg-patch8pack/
2026-08-16T13:22:59+00:00,patch-2x,0.0375 mg/day,unavailable,,https://www.costplusdrugs.com/medications/estradioltwiceweekly-0_0375mg-patch8pack/
2026-08-16T13:22:59+00:00,patch-2x,0.05 mg/day,unavailable,,https://www.costplusdrugs.com/medications/estradioltwiceweekly-0_05mg-patch8pack/
2026-08-16T13:22:59+00:00,patch-2x,0.075 mg/day,unavailable,,https://www.costplusdrugs.com/medications/estradioltwiceweekly-0_075mg-patch8pack/
2026-08-16T13:22:59+00:00,patch-2x,0.1 mg/day (Dotti),unavailable,,https://www.costplusdrugs.com/medications/dotti-(estradiol-twice-weekly)-0_1-mg_24hr-box-of-8-patches-8/
2026-08-16T13:22:59+00:00,patch-1x,0.025 mg/day,unavailable,,https://www.costplusdrugs.com/medications/climara-0_025mg-24hr-patch-weekly-4/
2026-08-16T13:22:59+00:00,patch-1x,0.0375 mg/day,unavailable,,https://www.costplusdrugs.com/medications/climara-0_0375mg-24hr-patch-weekly-4/
2026-08-16T13:22:59+00:00,patch-1x,0.05 mg/day,unavailable,,https://www.costplusdrugs.com/medications/climara-0_05mg-24hr-patch-weekly-4/
2026-08-16T13:22:59+00:00,patch-1x,0.06 mg/day,unavailable,,https://www.costplusdrugs.com/medications/climara-0_06mg-24hr-patch-weekly-4/
2026-08-16T13:22:59+00:00,patch-1x,0.075 mg/day,unavailable,,https://www.costplusdrugs.com/medications/climara-0_075mg-24hr-patch-weekly-4/
2026-08-16T13:22:59+00:00,patch-1x,0.1 mg/day,unavailable,,https://www.costplusdrugs.com/medications/climara-0_1mg-24hr-patch-weekly-4/
2026-08-16T13:22:59+00:00,gel,0.25 mg / 0.25 g,unavailable,,https://www.costplusdrugs.com/medications/estradiol-0_25mg-0_25g-gel-packet-divigel/
2026-08-16T13:22:59+00:00,gel,0.5 mg / 0.5 g,unavailable,,https://www.costplusdrugs.com/medications/estradiol-0_5mg-0_5g-gel-packet-divigel/
2026-08-16T13:22:59+00:00,gel,0.75 mg / 0.75 g,unavailable,,https://www.costplusdrugs.com/medications/estradiol-0_75mg-0_75g-gel-packet-divigel/
2026-08-16T13:22:59+00:00,gel,1 mg / 1 g,unavailable,,https://www.costplusdrugs.com/medications/estradiol-1mg-g-gel-packet-divigel/
2026-08-16T13:22:59+00:00,gel,1.25 mg / 1.25 g,unavailable,,https://www.costplusdrugs.com/medications/estradiol-1_25-mg_1_25gm-gel-37_5/
2026-08-16T13:22:59+00:00,omp,100 mg,unavailable,,https://www.costplusdrugs.com/medications/progesterone-100mg-capsule/
2026-08-16T13:22:59+00:00,omp,200 mg,unavailable,,https://www.costplusdrugs.com/medications/progesterone-200mg-capsule/
2026-08-17T02:20:52+00:00,patch-2x,0.025 mg/day,unavailable,$39.18,https://www.costplusdrugs.com/medications/estradioltwiceweekly-0_025mg-patch8pack/
2026-08-17T02:20:52+00:00,patch-2x,0.0375 mg/day,unavailable,,https://www.costplusdrugs.com/medications/estradioltwiceweekly-0_0375mg-patch8pack/
2026-08-17T02:20:52+00:00,patch-2x,0.05 mg/day,unavailable,,https://www.costplusdrugs.com/medications/estradioltwiceweekly-0_05mg-patch8pack/
2026-08-17T02:20:52+00:00,patch-2x,0.075 mg/day,unavailable,,https://www.costplusdrugs.com/medications/estradioltwiceweekly-0_075mg-patch8pack/
2026-08-17T02:20:52+00:00,patch-2x,0.1 mg/day (Dotti),unavailable,,https://www.costplusdrugs.com/medications/dotti-(estradiol-twice-weekly)-0_1-mg_24hr-box-of-8-patches-8/
2026-08-17T02:20:52+00:00,patch-1x,0.025 mg/day,unavailable,,https://www.costplusdrugs.com/medications/climara-0_025mg-24hr-patch-weekly-4/
2026-08-17T02:20:52+00:00,patch-1x,0.0375 mg/day,unavailable,,https://www.costplusdrugs.com/medications/climara-0_0375mg-24hr-patch-weekly-4/
2026-08-17T02:20:52+00:00,patch-1x,0.05 mg/day,unavailable,,https://www.costplusdrugs.com/medications/climara-0_05mg-24hr-patch-weekly-4/
2026-08-17T02:20:52+00:00,patch-1x,0.06 mg/day,unavailable,,https://www.costplusdrugs.com/medications/climara-0_06mg-24hr-patch-weekly-4/
2026-08-17T02:20:52+00:00,patch-1x,0.075 mg/day,unavailable,,https://www.costplusdrugs.com/medications/climara-0_075mg-24hr-patch-weekly-4/
2026-08-17T02:20:52+00:00,patch-1x,0.1 mg/day,unavailable,,https://www.costplusdrugs.com/medications/climara-0_1mg-24hr-patch-weekly-4/
2026-08-17T02:20:52+00:00,gel,0.25 mg / 0.25 g,unavailable,,https://www.costplusdrugs.com/medications/estradiol-0_25mg-0_25g-gel-packet-divigel/
2026-08-17T02:20:52+00:00,gel,0.5 mg / 0.5 g,unavailable,,https://www.costplusdrugs.com/medications/estradiol-0_5mg-0_5g-gel-packet-divigel/
2026-08-17T02:20:52+00:00,gel,0.75 mg / 0.75 g,unavailable,,https://www.costplusdrugs.com/medications/estradiol-0_75mg-0_75g-gel-packet-divigel/
2026-08-17T02:20:52+00:00,gel,1 mg / 1 g,unavailable,,https://www.costplusdrugs.com/medications/estradiol-1mg-g-gel-packet-divigel/
2026-08-17T02:20:52+00:00,gel,1.25 mg / 1.25 g,unavailable,,https://www.costplusdrugs.com/medications/estradiol-1_25-mg_1_25gm-gel-37_5/
2026-08-17T02:20:52+00:00,omp,100 mg,unavailable,,https://www.costplusdrugs.com/medications/progesterone-100mg-capsule/
2026-08-17T02:20:52+00:00,omp,200 mg,unavailable,,https://www.costplusdrugs.com/medications/progesterone-200mg-capsule/
2026-08-17T13:30:38+00:00,patch-2x,0.025 mg/day,unavailable,$39.18,https://www.costplusdrugs.com/medications/estradioltwiceweekly-0_025mg-patch8pack/
2026-08-17T13:30:38+00:00,patch-2x,0.0375 mg/day,unavailable,,https://www.costplusdrugs.com/medications/estradioltwiceweekly-0_0375mg-patch8pack/
2026-08-17T13:30:38+00:00,patch-2x,0.05 mg/day,unavailable,,https://www.costplusdrugs.com/medications/estradioltwiceweekly-0_05mg-patch8pack/
2026-08-17T13:30:38+00:00,patch-2x,0.075 mg/day,unavailable,,https://www.costplusdrugs.com/medications/estradioltwiceweekly-0_075mg-patch8pack/
2026-08-17T13:30:38+00:00,patch-2x,0.1 mg/day (Dotti),unavailable,,https://www.costplusdrugs.com/medications/dotti-(estradiol-twice-weekly)-0_1-mg_24hr-box-of-8-patches-8/
2026-08-17T13:30:38+00:00,patch-1x,0.025 mg/day,unavailable,,https://www.costplusdrugs.com/medications/climara-0_025mg-24hr-patch-weekly-4/
2026-08-17T13:30:38+00:00,patch-1x,0.0375 mg/day,unavailable,,https://www.costplusdrugs.com/medications/climara-0_0375mg-24hr-patch-weekly-4/
2026-08-17T13:30:38+00:00,patch-1x,0.05 mg/day,unavailable,,https://www.costplusdrugs.com/medications/climara-0_05mg-24hr-patch-weekly-4/
2026-08-17T13:30:38+00:00,patch-1x,0.06 mg/day,unavailable,,https://www.costplusdrugs.com/medications/climara-0_06mg-24hr-patch-weekly-4/
2026-08-17T13:30:38+00:00,patch-1x,0.075 mg/day,unavailable,,https://www.costplusdrugs.com/medications/climara-0_075mg-24hr-patch-weekly-4/
2026-08-17T13:30:38+00:00,patch-1x,0.1 mg/day,unavailable,,https://www.costplusdrugs.com/medications/climara-0_1mg-24hr-patch-weekly-4/
2026-08-17T13:30:38+00:00,gel,0.25 mg / 0.25 g,unavailable,,https://www.costplusdrugs.com/medications/estradiol-0_25mg-0_25g-gel-packet-divigel/
2026-08-17T13:30:38+00:00,gel,0.5 mg / 0.5 g,unavailable,,https://www.costplusdrugs.com/medications/estradiol-0_5mg-0_5g-gel-packet-divigel/
2026-08-17T13:30:38+00:00,gel,0.75 mg / 0.75 g,unavailable,,https://www.costplusdrugs.com/medications/estradiol-0_75mg-0_75g-gel-packet-divigel/
2026-08-17T13:30:38+00:00,gel,1 mg / 1 g,unavailable,,https://www.costplusdrugs.com/medications/estradiol-1mg-g-gel-packet-divigel/
2026-08-17T13:30:38+00:00,gel,1.25 mg / 1.25 g,unavailable,,https://www.costplusdrugs.com/medications/estradiol-1_25-mg_1_25gm-gel-37_5/
2026-08-17T13:30:38+00:00,omp,100 mg,unavailable,,https://www.costplusdrugs.com/medications/progesterone-100mg-capsule/
2026-08-17T13:30:38+00:00,omp,200 mg,unavailable,,https://www.costplusdrugs.com/medications/progesterone-200mg-capsule/
2026-08-18T02:16:33+00:00,patch-2x,0.025 mg/day,unavailable,$39.18,https://www.costplusdrugs.com/medications/estradioltwiceweekly-0_025mg-patch8pack/
2026-08-18T02:16:33+00:00,patch-2x,0.0375 mg/day,unavailable,,https://www.costplusdrugs.com/medications/estradioltwiceweekly-0_0375mg-patch8pack/
2026-08-18T02:16:33+00:00,patch-2x,0.05 mg/day,unavailable,,https://www.costplusdrugs.com/medications/estradioltwiceweekly-0_05mg-patch8pack/
2026-08-18T02:16:33+00:00,patch-2x,0.075 mg/day,unavailable,,https://www.costplusdrugs.com/medications/estradioltwiceweekly-0_075mg-patch8pack/
2026-08-18T02:16:33+00:00,patch-2x,0.1 mg/day (Dotti),unavailable,,https://www.costplusdrugs.com/medications/dotti-(estradiol-twice-weekly)-0_1-mg_24hr-box-of-8-patches-8/
2026-08-18T02:16:33+00:00,patch-1x,0.025 mg/day,unavailable,,https://www.costplusdrugs.com/medications/climara-0_025mg-24hr-patch-weekly-4/
2026-08-18T02:16:33+00:00,patch-1x,0.0375 mg/day,unavailable,,https://www.costplusdrugs.com/medications/climara-0_0375mg-24hr-patch-weekly-4/
2026-08-18T02:16:33+00:00,patch-1x,0.05 mg/day,unavailable,,https://www.costplusdrugs.com/medications/climara-0_05mg-24hr-patch-weekly-4/
2026-08-18T02:16:33+00:00,patch-1x,0.06 mg/day,unavailable,,https://www.costplusdrugs.com/medications/climara-0_06mg-24hr-patch-weekly-4/
2026-08-18T02:16:33+00:00,patch-1x,0.075 mg/day,unavailable,,https://www.costplusdrugs.com/medications/climara-0_075mg-24hr-patch-weekly-4/
2026-08-18T02:16:33+00:00,patch-1x,0.1 mg/day,unavailable,,https://www.costplusdrugs.com/medications/climara-0_1mg-24hr-patch-weekly-4/
2026-08-18T02:16:33+00:00,gel,0.25 mg / 0.25 g,unavailable,,https://www.costplusdrugs.com/medications/estradiol-0_25mg-0_25g-gel-packet-divigel/
2026-08-18T02:16:33+00:00,gel,0.5 mg / 0.5 g,unavailable,,https://www.costplusdrugs.com/medications/estradiol-0_5mg-0_5g-gel-packet-divigel/
2026-08-18T02:16:33+00:00,gel,0.75 mg / 0.75 g,unavailable,,https://www.costplusdrugs.com/medications/estradiol-0_75mg-0_75g-gel-packet-divigel/
2026-08-18T02:16:33+00:00,gel,1 mg / 1 g,unavailable,,https://www.costplusdrugs.com/medications/estradiol-1mg-g-gel-packet-divigel/
2026-08-18T02:16:33+00:00,gel,1.25 mg / 1.25 g,unavailable,,https://www.costplusdrugs.com/medications/estradiol-1_25-mg_1_25gm-gel-37_5/
2026-08-18T02:16:33+00:00,omp,100 mg,unavailable,,https://www.costplusdrugs.com/medications/progesterone-100mg-capsule/
2026-08-18T02:16:33+00:00,omp,200 mg,unavailable,,https://www.costplusdrugs.com/medications/progesterone-200mg-capsule/
2026-08-18T13:33:52+00:00,patch-2x,0.025 mg/day,unavailable,$39.18,https://www.costplusdrugs.com/medications/estradioltwiceweekly-0_025mg-patch8pack/
2026-08-18T13:33:52+00:00,patch-2x,0.0375 mg/day,unavailable,,https://www.costplusdrugs.com/medications/estradioltwiceweekly-0_0375mg-patch8pack/
2026-08-18T13:33:52+00:00,patch-2x,0.05 mg/day,unavailable,,https://www.costplusdrugs.com/medications/estradioltwiceweekly-0_05mg-patch8pack/
2026-08-18T13:33:52+00:00,patch-2x,0.075 mg/day,unavailable,,https://www.costplusdrugs.com/medications/estradioltwiceweekly-0_075mg-patch8pack/
2026-08-18T13:33:52+00:00,patch-2x,0.1 mg/day (Dotti),unavailable,,https://www.costplusdrugs.com/medications/dotti-(estradiol-twice-weekly)-0_1-mg_24hr-box-of-8-patches-8/
2026-08-18T13:33:52+00:00,patch-1x,0.025 mg/day,unavailable,,https://www.costplusdrugs.com/medications/climara-0_025mg-24hr-patch-weekly-4/
2026-08-18T13:33:52+00:00,patch-1x,0.0375 mg/day,unavailable,,https://www.costplusdrugs.com/medications/climara-0_0375mg-24hr-patch-weekly-4/
2026-08-18T13:33:52+00:00,patch-1x,0.05 mg/day,unavailable,,https://www.costplusdrugs.com/medications/climara-0_05mg-24hr-patch-weekly-4/
2026-08-18T13:33:52+00:00,patch-1x,0.06 mg/day,unavailable,,https://www.costplusdrugs.com/medications/climara-0_06mg-24hr-patch-weekly-4/
2026-08-18T13:33:52+00:00,patch-1x,0.075 mg/day,unavailable,,https://www.costplusdrugs.com/medications/climara-0_075mg-24hr-patch-weekly-4/
2026-08-18T13:33:52+00:00,patch-1x,0.1 mg/day,unavailable,,https://www.costplusdrugs.com/medications/climara-0_1mg-24hr-patch-weekly-4/
2026-08-18T13:33:52+00:00,gel,0.25 mg / 0.25 g,unavailable,,https://www.costplusdrugs.com/medications/estradiol-0_25mg-0_25g-gel-packet-divigel/
2026-08-18T13:33:52+00:00,gel,0.5 mg / 0.5 g,unavailable,,https://www.costplusdrugs.com/medications/estradiol-0_5mg-0_5g-gel-packet-divigel/
2026-08-18T13:33:52+00:00,gel,0.75 mg / 0.75 g,unavailable,,https://www.costplusdrugs.com/medications/estradiol-0_75mg-0_75g-gel-packet-divigel/
2026-08-18T13:33:52+00:00,gel,1 mg / 1 g,unavailable,,https://www.costplusdrugs.com/medications/estradiol-1mg-g-gel-packet-divigel/
2026-08-18T13:33:52+00:00,gel,1.25 mg / 1.25 g,unavailable,,https://www.costplusdrugs.com/medications/estradiol-1_25-mg_1_25gm-gel-37_5/
2026-08-18T13:33:52+00:00,omp,100 mg,unavailable,,https://www.costplusdrugs.com/medications/progesterone-100mg-capsule/
2026-08-18T13:33:52+00:00,omp,200 mg,unavailable,,https://www.costplusdrugs.com/medications/progesterone-200mg-capsule/
2026-08-19T02:24:15+00:00,patch-2x,0.025 mg/day,unavailable,$39.18,https://www.costplusdrugs.com/medications/estradioltwiceweekly-0_025mg-patch8pack/
2026-08-19T02:24:15+00:00,patch-2x,0.0375 mg/day,unavailable,,https://www.costplusdrugs.com/medications/estradioltwiceweekly-0_0375mg-patch8pack/
2026-08-19T02:24:15+00:00,patch-2x,0.05 mg/day,unavailable,,https://www.costplusdrugs.com/medications/estradioltwiceweekly-0_05mg-patch8pack/
2026-08-19T02:24:15+00:00,patch-2x,0.075 mg/day,unavailable,,https://www.costplusdrugs.com/medications/estradioltwiceweekly-0_075mg-patch8pack/
2026-08-19T02:24:15+00:00,patch-2x,0.1 mg/day (Dotti),unavailable,,https://www.costplusdrugs.com/medications/dotti-(estradiol-twice-weekly)-0_1-mg_24hr-box-of-8-patches-8/
2026-08-19T02:24:15+00:00,patch-1x,0.025 mg/day,unavailable,,https://www.costplusdrugs.com/medications/climara-0_025mg-24hr-patch-weekly-4/
2026-08-19T02:24:15+00:00,patch-1x,0.0375 mg/day,unavailable,,https://www.costplusdrugs.com/medications/climara-0_0375mg-24hr-patch-weekly-4/
2026-08-19T02:24:15+00:00,patch-1x,0.05 mg/day,unavailable,,https://www.costplusdrugs.com/medications/climara-0_05mg-24hr-patch-weekly-4/
2026-08-19T02:24:15+00:00,patch-1x,0.06 mg/day,unavailable,,https://www.costplusdrugs.com/medications/climara-0_06mg-24hr-patch-weekly-4/
2026-08-19T02:24:15+00:00,patch-1x,0.075 mg/day,unavailable,,https://www.costplusdrugs.com/medications/climara-0_075mg-24hr-patch-weekly-4/
2026-08-19T02:24:15+00:00,patch-1x,0.1 mg/day,unavailable,,https://www.costplusdrugs.com/medications/climara-0_1mg-24hr-patch-weekly-4/
2026-08-19T02:24:15+00:00,gel,0.25 mg / 0.25 g,unavailable,,https://www.costplusdrugs.com/medications/estradiol-0_25mg-0_25g-gel-packet-divigel/
2026-08-19T02:24:15+00:00,gel,0.5 mg / 0.5 g,unavailable,,https://www.costplusdrugs.com/medications/estradiol-0_5mg-0_5g-gel-packet-divigel/
2026-08-19T02:24:15+00:00,gel,0.75 mg / 0.75 g,unavailable,,https://www.costplusdrugs.com/medications/estradiol-0_75mg-0_75g-gel-packet-divigel/
2026-08-19T02:24:15+00:00,gel,1 mg / 1 g,unavailable,,https://www.costplusdrugs.com/medications/estradiol-1mg-g-gel-packet-divigel/
2026-08-19T02:24:15+00:00,gel,1.25 mg / 1.25 g,unavailable,,https://www.costplusdrugs.com/medications/estradiol-1_25-mg_1_25gm-gel-37_5/
2026-08-19T02:24:15+00:00,omp,100 mg,unavailable,,https://www.costplusdrugs.com/medications/progesterone-100mg-capsule/
2026-08-19T02:24:15+00:00,omp,200 mg,unavailable,,https://www.costplusdrugs.com/medications/progesterone-200mg-capsule/
2026-08-19T13:36:33+00:00,patch-2x,0.025 mg/day,unavailable,$39.18,https://www.costplusdrugs.com/medications/estradioltwiceweekly-0_025mg-patch8pack/
2026-08-19T13:36:33+00:00,patch-2x,0.0375 mg/day,unavailable,,https://www.costplusdrugs.com/medications/estradioltwiceweekly-0_0375mg-patch8pack/
2026-08-19T13:36:33+00:00,patch-2x,0.05 mg/day,unavailable,,https://www.costplusdrugs.com/medications/estradioltwiceweekly-0_05mg-patch8pack/
2026-08-19T13:36:33+00:00,patch-2x,0.075 mg/day,unavailable,,https://www.costplusdrugs.com/medications/estradioltwiceweekly-0_075mg-patch8pack/
2026-08-19T13:36:33+00:00,patch-2x,0.1 mg/day (Dotti),unavailable,,https://www.costplusdrugs.com/medications/dotti-(estradiol-twice-weekly)-0_1-mg_24hr-box-of-8-patches-8/
2026-08-19T13:36:33+00:00,patch-1x,0.025 mg/day,unavailable,,https://www.costplusdrugs.com/medications/climara-0_025mg-24hr-patch-weekly-4/
2026-08-19T13:36:33+00:00,patch-1x,0.0375 mg/day,unavailable,,https://www.costplusdrugs.com/medications/climara-0_0375mg-24hr-patch-weekly-4/
2026-08-19T13:36:33+00:00,patch-1x,0.05 mg/day,unavailable,,https://www.costplusdrugs.com/medications/climara-0_05mg-24hr-patch-weekly-4/
2026-08-19T13:36:33+00:00,patch-1x,0.06 mg/day,unavailable,,https://www.costplusdrugs.com/medications/climara-0_06mg-24hr-patch-weekly-4/
2026-08-19T13:36:33+00:00,patch-1x,0.075 mg/day,unavailable,,https://www.costplusdrugs.com/medications/climara-0_075mg-24hr-patch-weekly-4/
2026-08-19T13:36:33+00:00,patch-1x,0.1 mg/day,unavailable,,https://www.costplusdrugs.com/medications/climara-0_1mg-24hr-patch-weekly-4/
2026-08-19T13:36:33+00:00,gel,0.25 mg / 0.25 g,unavailable,,https://www.costplusdrugs.com/medications/estradiol-0_25mg-0_25g-gel-packet-divigel/
2026-08-19T13:36:33+00:00,gel,0.5 mg / 0.5 g,unavailable,,https://www.costplusdrugs.com/medications/estradiol-0_5mg-0_5g-gel-packet-divigel/
2026-08-19T13:36:33+00:00,gel,0.75 mg / 0.75 g,unavailable,,https://www.costplusdrugs.com/medications/estradiol-0_75mg-0_75g-gel-packet-divigel/
2026-08-19T13:36:33+00:00,gel,1 mg / 1 g,unavailable,,https://www.costplusdrugs.com/medications/estradiol-1mg-g-gel-packet-divigel/
2026-08-19T13:36:33+00:00,gel,1.25 mg / 1.25 g,unavailable,,https://www.costplusdrugs.com/medications/estradiol-1_25-mg_1_25gm-gel-37_5/
2026-08-19T13:36:33+00:00,omp,100 mg,unavailable,,https://www.costplusdrugs.com/medications/progesterone-100mg-capsule/
2026-08-19T13:36:33+00:00,omp,200 mg,unavailable,,https://www.costplusdrugs.com/medications/progesterone-200mg-capsule/
2026-08-20T02:18:07+00:00,patch-2x,0.025 mg/day,unavailable,$39.18,https://www.costplusdrugs.com/medications/estradioltwiceweekly-0_025mg-patch8pack/
2026-08-20T02:18:07+00:00,patch-2x,0.0375 mg/day,unavailable,,https://www.costplusdrugs.com/medications/estradioltwiceweekly-0_0375mg-patch8pack/
2026-08-20T02:18:07+00:00,patch-2x,0.05 mg/day,unavailable,,https://www.costplusdrugs.com/medications/estradioltwiceweekly-0_05mg-patch8pack/
2026-08-20T02:18:07+00:00,patch-2x,0.075 mg/day,unavailable,,https://www.costplusdrugs.com/medications/estradioltwiceweekly-0_075mg-patch8pack/
2026-08-20T02:18:07+00:00,patch-2x,0.1 mg/day (Dotti),unavailable,,https://www.costplusdrugs.com/medications/dotti-(estradiol-twice-weekly)-0_1-mg_24hr-box-of-8-patches-8/
2026-08-20T02:18:07+00:00,patch-1x,0.025 mg/day,unavailable,,https://www.costplusdrugs.com/medications/climara-0_025mg-24hr-patch-weekly-4/
2026-08-20T02:18:07+00:00,patch-1x,0.0375 mg/day,unavailable,,https://www.costplusdrugs.com/medications/climara-0_0375mg-24hr-patch-weekly-4/
2026-08-20T02:18:07+00:00,patch-1x,0.05 mg/day,unavailable,,https://www.costplusdrugs.com/medications/climara-0_05mg-24hr-patch-weekly-4/
2026-08-20T02:18:07+00:00,patch-1x,0.06 mg/day,unavailable,,https://www.costplusdrugs.com/medications/climara-0_06mg-24hr-patch-weekly-4/
2026-08-20T02:18:07+00:00,patch-1x,0.075 mg/day,unavailable,,https://www.costplusdrugs.com/medications/climara-0_075mg-24hr-patch-weekly-4/
2026-08-20T02:18:07+00:00,patch-1x,0.1 mg/day,unavailable,,https://www.costplusdrugs.com/medications/climara-0_1mg-24hr-patch-weekly-4/
2026-08-20T02:18:07+00:00,gel,0.25 mg / 0.25 g,unavailable,,https://www.costplusdrugs.com/medications/estradiol-0_25mg-0_25g-gel-packet-divigel/
2026-08-20T02:18:07+00:00,gel,0.5 mg / 0.5 g,unavailable,,https://www.costplusdrugs.com/medications/estradiol-0_5mg-0_5g-gel-packet-divigel/
2026-08-20T02:18:07+00:00,gel,0.75 mg / 0.75 g,unavailable,,https://www.costplusdrugs.com/medications/estradiol-0_75mg-0_75g-gel-packet-divigel/
2026-08-20T02:18:07+00:00,gel,1 mg / 1 g,unavailable,,https://www.costplusdrugs.com/medications/estradiol-1mg-g-gel-packet-divigel/
2026-08-20T02:18:07+00:00,gel,1.25 mg / 1.25 g,unavailable,,https://www.costplusdrugs.com/medications/estradiol-1_25-mg_1_25gm-gel-37_5/
2026-08-20T02:18:07+00:00,omp,100 mg,unavailable,,https://www.costplusdrugs.com/medications/progesterone-100mg-capsule/
2026-08-20T02:18:07+00:00,omp,200 mg,unavailable,,https://www.costplusdrugs.com/medications/progesterone-200mg-capsule/
2026-08-20T13:37:40+00:00,patch-2x,0.025 mg/day,unavailable,$39.18,https://www.costplusdrugs.com/medications/estradioltwiceweekly-0_025mg-patch8pack/
2026-08-20T13:37:40+00:00,patch-2x,0.0375 mg/day,unavailable,,https://www.costplusdrugs.com/medications/estradioltwiceweekly-0_0375mg-patch8pack/
2026-08-20T13:37:40+00:00,patch-2x,0.05 mg/day,unavailable,,https://www.costplusdrugs.com/medications/estradioltwiceweekly-0_05mg-patch8pack/
2026-08-20T13:37:40+00:00,patch-2x,0.075 mg/day,unavailable,,https://www.costplusdrugs.com/medications/estradioltwiceweekly-0_075mg-patch8pack/
2026-08-20T13:37:40+00:00,patch-2x,0.1 mg/day (Dotti),unavailable,,https://www.costplusdrugs.com/medications/dotti-(estradiol-twice-weekly)-0_1-mg_24hr-box-of-8-patches-8/
2026-08-20T13:37:40+00:00,patch-1x,0.025 mg/day,unavailable,,https://www.costplusdrugs.com/medications/climara-0_025mg-24hr-patch-weekly-4/
2026-08-20T13:37:40+00:00,patch-1x,0.0375 mg/day,unavailable,,https://www.costplusdrugs.com/medications/climara-0_0375mg-24hr-patch-weekly-4/
2026-08-20T13:37:40+00:00,patch-1x,0.05 mg/day,unavailable,,https://www.costplusdrugs.com/medications/climara-0_05mg-24hr-patch-weekly-4/
2026-08-20T13:37:40+00:00,patch-1x,0.06 mg/day,unavailable,,https://www.costplusdrugs.com/medications/climara-0_06mg-24hr-patch-weekly-4/
2026-08-20T13:37:40+00:00,patch-1x,0.075 mg/day,unavailable,,https://www.costplusdrugs.com/medications/climara-0_075mg-24hr-patch-weekly-4/
2026-08-20T13:37:40+00:00,patch-1x,0.1 mg/day,unavailable,,https://www.costplusdrugs.com/medications/climara-0_1mg-24hr-patch-weekly-4/
2026-08-20T13:37:40+00:00,gel,0.25 mg / 0.25 g,unavailable,,https://www.costplusdrugs.com/medications/estradiol-0_25mg-0_25g-gel-packet-divigel/
2026-08-20T13:37:40+00:00,gel,0.5 mg / 0.5 g,unavailable,,https://www.costplusdrugs.com/medications/estradiol-0_5mg-0_5g-gel-packet-divigel/
2026-08-20T13:37:40+00:00,gel,0.75 mg / 0.75 g,unavailable,,https://www.costplusdrugs.com/medications/estradiol-0_75mg-0_75g-gel-packet-divigel/
2026-08-20T13:37:40+00:00,gel,1 mg / 1 g,unavailable,,https://www.costplusdrugs.com/medications/estradiol-1mg-g-gel-packet-divigel/
2026-08-20T13:37:40+00:00,gel,1.25 mg / 1.25 g,unavailable,,https://www.costplusdrugs.com/medications/estradiol-1_25-mg_1_25gm-gel-37_5/
2026-08-20T13:37:40+00:00,omp,100 mg,unavailable,,https://www.costplusdrugs.com/medications/progesterone-100mg-capsule/
2026-08-20T13:37:40+00:00,omp,200 mg,unavailable,,https://www.costplusdrugs.com/medications/progesterone-200mg-capsule/
2026-08-21T02:23:42+00:00,patch-2x,0.025 mg/day,unavailable,$39.18,https://www.costplusdrugs.com/medications/estradioltwiceweekly-0_025mg-patch8pack/
2026-08-21T02:23:42+00:00,patch-2x,0.0375 mg/day,unavailable,,https://www.costplusdrugs.com/medications/estradioltwiceweekly-0_0375mg-patch8pack/
2026-08-21T02:23:42+00:00,patch-2x,0.05 mg/day,unavailable,,https://www.costplusdrugs.com/medications/estradioltwiceweekly-0_05mg-patch8pack/
2026-08-21T02:23:42+00:00,patch-2x,0.075 mg/day,unavailable,,https://www.costplusdrugs.com/medications/estradioltwiceweekly-0_075mg-patch8pack/
2026-08-21T02:23:42+00:00,patch-2x,0.1 mg/day (Dotti),unavailable,,https://www.costplusdrugs.com/medications/dotti-(estradiol-twice-weekly)-0_1-mg_24hr-box-of-8-patches-8/
2026-08-21T02:23:42+00:00,patch-1x,0.025 mg/day,unavailable,,https://www.costplusdrugs.com/medications/climara-0_025mg-24hr-patch-weekly-4/
2026-08-21T02:23:42+00:00,patch-1x,0.0375 mg/day,unavailable,,https://www.costplusdrugs.com/medications/climara-0_0375mg-24hr-patch-weekly-4/
2026-08-21T02:23:42+00:00,patch-1x,0.05 mg/day,unavailable,,https://www.costplusdrugs.com/medications/climara-0_05mg-24hr-patch-weekly-4/
2026-08-21T02:23:42+00:00,patch-1x,0.06 mg/day,unavailable,,https://www.costplusdrugs.com/medications/climara-0_06mg-24hr-patch-weekly-4/
2026-08-21T02:23:42+00:00,patch-1x,0.075 mg/day,unavailable,,https://www.costplusdrugs.com/medications/climara-0_075mg-24hr-patch-weekly-4/
2026-08-21T02:23:42+00:00,patch-1x,0.1 mg/day,unavailable,,https://www.costplusdrugs.com/medications/climara-0_1mg-24hr-patch-weekly-4/
2026-08-21T02:23:42+00:00,gel,0.25 mg / 0.25 g,unavailable,,https://www.costplusdrugs.com/medications/estradiol-0_25mg-0_25g-gel-packet-divigel/
2026-08-21T02:23:42+00:00,gel,0.5 mg / 0.5 g,unavailable,,https://www.costplusdrugs.com/medications/estradiol-0_5mg-0_5g-gel-packet-divigel/
2026-08-21T02:23:42+00:00,gel,0.75 mg / 0.75 g,unavailable,,https://www.costplusdrugs.com/medications/estradiol-0_75mg-0_75g-gel-packet-divigel/
2026-08-21T02:23:42+00:00,gel,1 mg / 1 g,unavailable,,https://www.costplusdrugs.com/medications/estradiol-1mg-g-gel-packet-divigel/
2026-08-21T02:23:42+00:00,gel,1.25 mg / 1.25 g,unavailable,,https://www.costplusdrugs.com/medications/estradiol-1_25-mg_1_25gm-gel-37_5/
2026-08-21T02:23:42+00:00,omp,100 mg,unavailable,,https://www.costplusdrugs.com/medications/progesterone-100mg-capsule/
2026-08-21T02:23:42+00:00,omp,200 mg,unavailable,,https://www.costplusdrugs.com/medications/progesterone-200mg-capsule/
2026-08-21T13:36:17+00:00,patch-2x,0.025 mg/day,unavailable,$39.18,https://www.costplusdrugs.com/medications/estradioltwiceweekly-0_025mg-patch8pack/
2026-08-21T13:36:17+00:00,patch-2x,0.0375 mg/day,unavailable,,https://www.costplusdrugs.com/medications/estradioltwiceweekly-0_0375mg-patch8pack/
2026-08-21T13:36:17+00:00,patch-2x,0.05 mg/day,unavailable,,https://www.costplusdrugs.com/medications/estradioltwiceweekly-0_05mg-patch8pack/
2026-08-21T13:36:17+00:00,patch-2x,0.075 mg/day,unavailable,,https://www.costplusdrugs.com/medications/estradioltwiceweekly-0_075mg-patch8pack/
2026-08-21T13:36:17+00:00,patch-2x,0.1 mg/day (Dotti),unavailable,,https://www.costplusdrugs.com/medications/dotti-(estradiol-twice-weekly)-0_1-mg_24hr-box-of-8-patches-8/
2026-08-21T13:36:17+00:00,patch-1x,0.025 mg/day,unavailable,,https://www.costplusdrugs.com/medications/climara-0_025mg-24hr-patch-weekly-4/
2026-08-21T13:36:17+00:00,patch-1x,0.0375 mg/day,unavailable,,https://www.costplusdrugs.com/medications/climara-0_0375mg-24hr-patch-weekly-4/
2026-08-21T13:36:17+00:00,patch-1x,0.05 mg/day,unavailable,,https://www.costplusdrugs.com/medications/climara-0_05mg-24hr-patch-weekly-4/
2026-08-21T13:36:17+00:00,patch-1x,0.06 mg/day,unavailable,,https://www.costplusdrugs.com/medications/climara-0_06mg-24hr-patch-weekly-4/
2026-08-21T13:36:17+00:00,patch-1x,0.075 mg/day,unavailable,,https://www.costplusdrugs.com/medications/climara-0_075mg-24hr-patch-weekly-4/
2026-08-21T13:36:17+00:00,patch-1x,0.1 mg/day,unavailable,,https://www.costplusdrugs.com/medications/climara-0_1mg-24hr-patch-weekly-4/
2026-08-21T13:36:17+00:00,gel,0.25 mg / 0.25 g,unavailable,,https://www.costplusdrugs.com/medications/estradiol-0_25mg-0_25g-gel-packet-divigel/
2026-08-21T13:36:17+00:00,gel,0.5 mg / 0.5 g,unavailable,,https://www.costplusdrugs.com/medications/estradiol-0_5mg-0_5g-gel-packet-divigel/
2026-08-21T13:36:17+00:00,gel,0.75 mg / 0.75 g,unavailable,,https://www.costplusdrugs.com/medications/estradiol-0_75mg-0_75g-gel-packet-divigel/
2026-08-21T13:36:17+00:00,gel,1 mg / 1 g,unavailable,,https://www.costplusdrugs.com/medications/estradiol-1mg-g-gel-packet-divigel/
2026-08-21T13:36:17+00:00,gel,1.25 mg / 1.25 g,unavailable,,https://www.costplusdrugs.com/medications/estradiol-1_25-mg_1_25gm-gel-37_5/
2026-08-21T13:36:17+00:00,omp,100 mg,unavailable,,https://www.costplusdrugs.com/medications/progesterone-100mg-capsule/
2026-08-21T13:36:17+00:00,omp,200 mg,unavailable,,https://www.costplusdrugs.com/medications/progesterone-200mg-capsule/
2026-08-22T02:15:59+00:00,patch-2x,0.025 mg/day,unavailable,$39.18,https://www.costplusdrugs.com/medications/estradioltwiceweekly-0_025mg-patch8pack/
2026-08-22T02:15:59+00:00,patch-2x,0.0375 mg/day,unavailable,,https://www.costplusdrugs.com/medications/estradioltwiceweekly-0_0375mg-patch8pack/
2026-08-22T02:15:59+00:00,patch-2x,0.05 mg/day,unavailable,,https://www.costplusdrugs.com/medications/estradioltwiceweekly-0_05mg-patch8pack/
2026-08-22T02:15:59+00:00,patch-2x,0.075 mg/day,unavailable,,https://www.costplusdrugs.com/medications/estradioltwiceweekly-0_075mg-patch8pack/
2026-08-22T02:15:59+00:00,patch-2x,0.1 mg/day (Dotti),unavailable,,https://www.costplusdrugs.com/medications/dotti-(estradiol-twice-weekly)-0_1-mg_24hr-box-of-8-patches-8/
2026-08-22T02:15:59+00:00,patch-1x,0.025 mg/day,unavailable,,https://www.costplusdrugs.com/medications/climara-0_025mg-24hr-patch-weekly-4/
2026-08-22T02:15:59+00:00,patch-1x,0.0375 mg/day,unavailable,,https://www.costplusdrugs.com/medications/climara-0_0375mg-24hr-patch-weekly-4/
2026-08-22T02:15:59+00:00,patch-1x,0.05 mg/day,unavailable,,https://www.costplusdrugs.com/medications/climara-0_05mg-24hr-patch-weekly-4/
2026-08-22T02:15:59+00:00,patch-1x,0.06 mg/day,unavailable,,https://www.costplusdrugs.com/medications/climara-0_06mg-24hr-patch-weekly-4/
2026-08-22T02:15:59+00:00,patch-1x,0.075 mg/day,unavailable,,https://www.costplusdrugs.com/medications/climara-0_075mg-24hr-patch-weekly-4/
2026-08-22T02:15:59+00:00,patch-1x,0.1 mg/day,unavailable,,https://www.costplusdrugs.com/medications/climara-0_1mg-24hr-patch-weekly-4/
2026-08-22T02:15:59+00:00,gel,0.25 mg / 0.25 g,unavailable,,https://www.costplusdrugs.com/medications/estradiol-0_25mg-0_25g-gel-packet-divigel/
2026-08-22T02:15:59+00:00,gel,0.5 mg / 0.5 g,unavailable,,https://www.costplusdrugs.com/medications/estradiol-0_5mg-0_5g-gel-packet-divigel/
2026-08-22T02:15:59+00:00,gel,0.75 mg / 0.75 g,unavailable,,https://www.costplusdrugs.com/medications/estradiol-0_75mg-0_75g-gel-packet-divigel/
2026-08-22T02:15:59+00:00,gel,1 mg / 1 g,unavailable,,https://www.costplusdrugs.com/medications/estradiol-1mg-g-gel-packet-divigel/
2026-08-22T02:15:59+00:00,gel,1.25 mg / 1.25 g,unavailable,,https://www.costplusdrugs.com/medications/estradiol-1_25-mg_1_25gm-gel-37_5/
2026-08-22T02:15:59+00:00,omp,100 mg,unavailable,,https://www.costplusdrugs.com/medications/progesterone-100mg-capsule/
2026-08-22T02:15:59+00:00,omp,200 mg,unavailable,,https://www.costplusdrugs.com/medications/progesterone-200mg-capsule/
2026-08-22T13:22:44+00:00,patch-2x,0.025 mg/day,unavailable,$39.18,https://www.costplusdrugs.com/medications/estradioltwiceweekly-0_025mg-patch8pack/
2026-08-22T13:22:44+00:00,patch-2x,0.0375 mg/day,unavailable,,https://www.costplusdrugs.com/medications/estradioltwiceweekly-0_0375mg-patch8pack/
2026-08-22T13:22:44+00:00,patch-2x,0.05 mg/day,unavailable,,https://www.costplusdrugs.com/medications/estradioltwiceweekly-0_05mg-patch8pack/
2026-08-22T13:22:44+00:00,patch-2x,0.075 mg/day,unavailable,,https://www.costplusdrugs.com/medications/estradioltwiceweekly-0_075mg-patch8pack/
2026-08-22T13:22:44+00:00,patch-2x,0.1 mg/day (Dotti),unavailable,,https://www.costplusdrugs.com/medications/dotti-(estradiol-twice-weekly)-0_1-mg_24hr-box-of-8-patches-8/
2026-08-22T13:22:44+00:00,patch-1x,0.025 mg/day,unavailable,,https://www.costplusdrugs.com/medications/climara-0_025mg-24hr-patch-weekly-4/
2026-08-22T13:22:44+00:00,patch-1x,0.0375 mg/day,unavailable,,https://www.costplusdrugs.com/medications/climara-0_0375mg-24hr-patch-weekly-4/
2026-08-22T13:22:44+00:00,patch-1x,0.05 mg/day,unavailable,,https://www.costplusdrugs.com/medications/climara-0_05mg-24hr-patch-weekly-4/
2026-08-22T13:22:44+00:00,patch-1x,0.06 mg/day,unavailable,,https://www.costplusdrugs.com/medications/climara-0_06mg-24hr-patch-weekly-4/
2026-08-22T13:22:44+00:00,patch-1x,0.075 mg/day,unavailable,,https://www.costplusdrugs.com/medications/climara-0_075mg-24hr-patch-weekly-4/
2026-08-22T13:22:44+00:00,patch-1x,0.1 mg/day,unavailable,,https://www.costplusdrugs.com/medications/climara-0_1mg-24hr-patch-weekly-4/
2026-08-22T13:22:44+00:00,gel,0.25 mg / 0.25 g,unavailable,,https://www.costplusdrugs.com/medications/estradiol-0_25mg-0_25g-gel-packet-divigel/
2026-08-22T13:22:44+00:00,gel,0.5 mg / 0.5 g,unavailable,,https://www.costplusdrugs.com/medications/estradiol-0_5mg-0_5g-gel-packet-divigel/
2026-08-22T13:22:44+00:00,gel,0.75 mg / 0.75 g,unavailable,,https://www.costplusdrugs.com/medications/estradiol-0_75mg-0_75g-gel-packet-divigel/
2026-08-22T13:22:44+00:00,gel,1 mg / 1 g,unavailable,,https://www.costplusdrugs.com/medications/estradiol-1mg-g-gel-packet-divigel/
2026-08-22T13:22:44+00:00,gel,1.25 mg / 1.25 g,unavailable,,https://www.costplusdrugs.com/medications/estradiol-1_25-mg_1_25gm-gel-37_5/
2026-08-22T13:22:44+00:00,omp,100 mg,unavailable,,https://www.costplusdrugs.com/medications/progesterone-100mg-capsule/
2026-08-22T13:22:44+00:00,omp,200 mg,unavailable,,https://www.costplusdrugs.com/medications/progesterone-200mg-capsule/
